-- phpMyAdmin SQL Dump
-- version 3.5.8.1deb1
-- http://www.phpmyadmin.net
--
-- Host: localhost
-- Generation Time: Jun 02, 2013 at 04:30 PM
-- Server version: 5.5.31-0ubuntu0.13.04.1
-- PHP Version: 5.4.9-4ubuntu2

SET SQL_MODE="NO_AUTO_VALUE_ON_ZERO";
SET time_zone = "+00:00";


/*!40101 SET @OLD_CHARACTER_SET_CLIENT=@@CHARACTER_SET_CLIENT */;
/*!40101 SET @OLD_CHARACTER_SET_RESULTS=@@CHARACTER_SET_RESULTS */;
/*!40101 SET @OLD_COLLATION_CONNECTION=@@COLLATION_CONNECTION */;
/*!40101 SET NAMES utf8 */;

--
-- Database: `govhack`
--
CREATE DATABASE `govhack` DEFAULT CHARACTER SET latin1 COLLATE latin1_swedish_ci;
USE `govhack`;

-- --------------------------------------------------------

--
-- Table structure for table `data_volume_total_australia`
--

CREATE TABLE IF NOT EXISTS `data_volume_total_australia` (
  `id` int(11) NOT NULL AUTO_INCREMENT,
  `Date` varchar(255) NOT NULL,
  `volume_dialup_tb` int(11) NOT NULL,
  `volume_fixedline_tb` int(11) NOT NULL,
  `volume_wireless_tb` int(11) NOT NULL,
  `volume_broadband_tb` int(11) NOT NULL,
  `volume_total_tb` int(11) NOT NULL,
  `percent_dialup` int(11) NOT NULL,
  `percent_fixedline` int(11) NOT NULL,
  `percent_wireless` int(11) NOT NULL,
  `percent_broadband` int(11) NOT NULL,
  `percent_total` int(11) NOT NULL,
  PRIMARY KEY (`id`)
) ENGINE=MyISAM  DEFAULT CHARSET=latin1 AUTO_INCREMENT=11 ;

--
-- Dumping data for table `data_volume_total_australia`
--

INSERT INTO `data_volume_total_australia` (`id`, `Date`, `volume_dialup_tb`, `volume_fixedline_tb`, `volume_wireless_tb`, `volume_broadband_tb`, `volume_total_tb`, `percent_dialup`, `percent_fixedline`, `percent_wireless`, `percent_broadband`, `percent_total`) VALUES
(1, 'Jun 2008', 1597, 0, 0, 53837, 55434, 3, 0, 0, 97, 100),
(2, 'Dec 2008', 1079, 0, 0, 80274, 81352, 1, 0, 0, 99, 100),
(3, 'Jun 2009', 466, 0, 0, 98782, 99249, 0, 0, 0, 100, 100),
(4, 'Dec 2009', 294, 113410, 14251, 127661, 127954, 0, 89, 11, 100, 100),
(5, 'Jun 2010', 280, 141892, 13330, 155222, 155503, 0, 91, 9, 100, 100),
(6, 'Dec 2010', 183, 174665, 16990, 191655, 191839, 0, 91, 9, 100, 100),
(7, 'Jun 2011', 106, 254947, 19149, 274096, 274202, 0, 93, 7, 100, 100),
(8, 'Dec 2011', 96, 322280, 23142, 345422, 345518, 0, 93, 7, 100, 100),
(9, 'Jun 2012', 0, 389130, 25301, 414431, 414537, 0, 94, 6, 100, 100),
(10, 'Dec 2012', 0, 526472, 28196, 554668, 554771, 0, 95, 5, 100, 100);

-- --------------------------------------------------------

--
-- Table structure for table `households_in_000s_with_net_by_state`
--

CREATE TABLE IF NOT EXISTS `households_in_000s_with_net_by_state` (
  `id` int(11) NOT NULL AUTO_INCREMENT,
  `state_id` int(11) NOT NULL,
  `total_households` int(11) NOT NULL,
  `with` int(11) NOT NULL,
  `without` int(11) NOT NULL,
  PRIMARY KEY (`id`)
) ENGINE=MyISAM  DEFAULT CHARSET=latin1 AUTO_INCREMENT=9 ;

--
-- Dumping data for table `households_in_000s_with_net_by_state`
--

INSERT INTO `households_in_000s_with_net_by_state` (`id`, `state_id`, `total_households`, `with`, `without`) VALUES
(1, 4, 2732, 2164, 568),
(2, 3, 2142, 1684, 458),
(3, 7, 1702, 1347, 355),
(4, 5, 656, 497, 160),
(5, 6, 877, 714, 163),
(6, 1, 208, 146, 62),
(7, 8, 64, 51, 14),
(8, 2, 138, 122, 16);

-- --------------------------------------------------------

--
-- Table structure for table `isp_subscribers_in_000s_per_state`
--

CREATE TABLE IF NOT EXISTS `isp_subscribers_in_000s_per_state` (
  `Date` varchar(255) NOT NULL,
  `Tasmania` int(11) NOT NULL,
  `Australian Capital Territory` int(11) NOT NULL,
  `Victoria` int(11) NOT NULL,
  `New South Wales` int(11) NOT NULL,
  `South Australia` int(11) NOT NULL,
  `Western Australia` int(11) NOT NULL,
  `Queensland` int(11) NOT NULL,
  `Northern Territory` int(11) NOT NULL,
  `id` int(11) NOT NULL AUTO_INCREMENT,
  PRIMARY KEY (`id`)
) ENGINE=MyISAM  DEFAULT CHARSET=latin1 AUTO_INCREMENT=11 ;

--
-- Dumping data for table `isp_subscribers_in_000s_per_state`
--

INSERT INTO `isp_subscribers_in_000s_per_state` (`Date`, `Tasmania`, `Australian Capital Territory`, `Victoria`, `New South Wales`, `South Australia`, `Western Australia`, `Queensland`, `Northern Territory`, `id`) VALUES
('Jun 2008', 150, 184, 1727, 2322, 496, 780, 1512, 56, 1),
('Dec 2008', 166, 209, 1819, 2546, 572, 850, 1689, 69, 2),
('Jun 2009', 182, 241, 1952, 2713, 584, 919, 1746, 83, 3),
('Dec 2009', 210, 224, 2130, 2800, 622, 960, 1918, 86, 4),
('Jun 2010', 193, 213, 2411, 3013, 638, 971, 1987, 72, 5),
('Dec 2010', 215, 183, 2545, 3319, 732, 1095, 2275, 81, 6),
('Jun 2011', 234, 192, 2695, 3463, 768, 1158, 2311, 85, 7),
('Dec 2011', 267, 193, 2968, 3662, 837, 1179, 2399, 91, 8),
('Jun 2012', 268, 212, 3055, 3768, 852, 1253, 2524, 102, 9),
('Dec 2012', 277, 213, 3088, 3797, 860, 1273, 2548, 105, 10);

-- --------------------------------------------------------

--
-- Table structure for table `nbnrollout`
--

CREATE TABLE IF NOT EXISTS `nbnrollout` (
  `id` int(11) NOT NULL AUTO_INCREMENT,
  `state_id` int(11) NOT NULL,
  `areaname` varchar(60) NOT NULL,
  `designationismetropolitan` tinyint(1) NOT NULL,
  PRIMARY KEY (`id`)
) ENGINE=MyISAM  DEFAULT CHARSET=latin1 AUTO_INCREMENT=595 ;

--
-- Dumping data for table `nbnrollout`
--

INSERT INTO `nbnrollout` (`id`, `state_id`, `areaname`, `designationismetropolitan`) VALUES
(1, 2, 'Belconnen', 0),
(2, 2, 'Bonner', 0),
(3, 2, 'Civic', 0),
(4, 2, 'Crace', 0),
(5, 2, 'Deakin', 0),
(6, 2, 'Kambah', 0),
(7, 2, 'Manuka', 0),
(8, 2, 'Monash', 0),
(9, 2, 'Queanbeyan', 0),
(10, 2, 'Scullin', 0),
(11, 4, 'Adelong', 0),
(12, 4, 'Albion Park', 0),
(13, 4, 'Albury', 0),
(14, 4, 'Appin', 0),
(15, 4, 'Armidale', 0),
(16, 4, 'Bankstown', 1),
(17, 4, 'Barham-Koondrook', 0),
(18, 4, 'Batemans Bay', 0),
(19, 4, 'Batlow', 0),
(20, 4, 'Bawley Point', 0),
(21, 4, 'Bellingen', 0),
(22, 4, 'Belmont', 0),
(23, 4, 'Bendalong', 0),
(24, 4, 'Bermagui', 0),
(25, 4, 'Berowra', 1),
(26, 4, 'Berridale', 0),
(27, 4, 'Bingara', 0),
(28, 4, 'Blacktown', 1),
(29, 4, 'Bombala', 0),
(30, 4, 'Bondi', 1),
(31, 4, 'Braidwood', 0),
(32, 4, 'Branxton-Greta', 0),
(33, 4, 'Bulahdelah', 0),
(34, 4, 'Bungendore', 0),
(35, 4, 'Campbelltown', 1),
(36, 4, 'Campsie', 1),
(37, 4, 'Canowindra', 0),
(38, 4, 'Carramar', 1),
(39, 4, 'Castle Hill', 1),
(40, 4, 'Cessnock-Bellbird', 0),
(41, 4, 'Charlestown', 0),
(42, 4, 'Chatswood', 1),
(43, 4, 'City South', 1),
(44, 4, 'Clarence Town', 0),
(45, 4, 'Coffs Harbour', 0),
(46, 4, 'Como', 1),
(47, 4, 'Coolamon', 0),
(48, 4, 'Cooma', 0),
(49, 4, 'Coraki', 0),
(50, 4, 'Corrimal', 0),
(51, 4, 'Culcairn', 0),
(52, 4, 'Currarong', 0),
(53, 4, 'Dalley', 1),
(54, 4, 'Dapto', 0),
(55, 4, 'Deniliquin', 0),
(56, 4, 'Dorrigo', 0),
(57, 4, 'Dubbo', 0),
(58, 4, 'Dungog', 0),
(59, 4, 'Edensor Park', 1),
(60, 4, 'Edgecliff', 1),
(61, 4, 'Elderslie', 1),
(62, 4, 'Engadine', 1),
(63, 4, 'Erina', 0),
(64, 4, 'Evans Head', 0),
(65, 4, 'Finley', 0),
(66, 4, 'Frenchs Forest', 1),
(67, 4, 'Gerringong', 0),
(68, 4, 'Gilgandra', 0),
(69, 4, 'Glebe', 1),
(70, 4, 'Gorokan', 0),
(71, 4, 'Gosford', 0),
(72, 4, 'Grafton', 0),
(73, 4, 'Gunnedah', 0),
(74, 4, 'Hamilton', 0),
(75, 4, 'Henty', 0),
(76, 4, 'Holbrook', 0),
(77, 4, 'Homebush', 1),
(78, 4, 'Hornsby', 1),
(79, 4, 'Howlong', 0),
(80, 4, 'Jindabyne', 0),
(81, 4, 'Junee', 0),
(82, 4, 'Kellyville', 1),
(83, 4, 'Kempsey', 0),
(84, 4, 'Kensington', 1),
(85, 4, 'Kiama', 0),
(86, 4, 'Kooringal', 0),
(87, 4, 'Kootingal', 0),
(88, 4, 'Lakemba', 1),
(89, 4, 'Lavington', 0),
(90, 4, 'Lidcombe', 1),
(91, 4, 'Liverpool', 1),
(92, 4, 'Long Jetty', 0),
(93, 4, 'Macksville', 0),
(94, 4, 'Maclean', 0),
(95, 4, 'Maitland', 0),
(96, 4, 'Manilla', 0),
(97, 4, 'Mayfield', 0),
(98, 4, 'Miranda', 1),
(99, 4, 'Mittagong', 0),
(100, 4, 'Mona Vale', 1),
(101, 4, 'Moruya', 0),
(102, 4, 'Mosman', 1),
(103, 4, 'Moss Vale', 0),
(104, 4, 'Mudgee', 0),
(105, 4, 'Murrumbateman', 0),
(106, 4, 'Murrurundi', 0),
(107, 4, 'Murwillumbah', 0),
(108, 4, 'Narara', 0),
(109, 4, 'Narellan', 1),
(110, 4, 'Narooma', 0),
(111, 4, 'New Lambton', 0),
(112, 4, 'Newtown', 1),
(113, 4, 'North Parramatta', 1),
(114, 4, 'Nowra-Bomaderry', 0),
(115, 4, 'Parramatta', 1),
(116, 4, 'Peakhurst', 1),
(117, 4, 'Pendle Hill', 1),
(118, 4, 'Penrith', 1),
(119, 4, 'Petersham', 1),
(120, 4, 'Port Kembla', 0),
(121, 4, 'Quirindi', 0),
(122, 4, 'Ramsgate', 1),
(123, 4, 'Raymond Terrace', 0),
(124, 4, 'Richmond', 0),
(125, 4, 'Riverstone', 1),
(126, 4, 'Rockdale', 1),
(127, 4, 'Ryde', 1),
(128, 4, 'Sawtell', 0),
(129, 4, 'Shell Harbour', 0),
(130, 4, 'Shoalhaven Heads', 0),
(131, 4, 'Singleton', 0),
(132, 4, 'South West Rocks', 0),
(133, 4, 'St Georges Basin-Sanctuary Point', 0),
(134, 4, 'St Leonards', 1),
(135, 4, 'Sussex Inlet', 0),
(136, 4, 'Sydney Springwood', 1),
(137, 4, 'Tahmoor', 0),
(138, 4, 'Tamworth', 0),
(139, 4, 'Taree', 0),
(140, 4, 'Tarro', 0),
(141, 4, 'Terrigal', 0),
(142, 4, 'The Oaks', 0),
(143, 4, 'The Rock', 0),
(144, 4, 'Tocumwal', 0),
(145, 4, 'Tumbarumba', 0),
(146, 4, 'Tumut', 0),
(147, 4, 'Tuross Heads', 0),
(148, 4, 'Ulladulla', 0),
(149, 4, 'Uralla', 0),
(150, 4, 'Urunga', 0),
(151, 4, 'Wagga Wagga', 0),
(152, 4, 'Walcha', 0),
(153, 4, 'Williamtown', 0),
(154, 4, 'Wollongong', 0),
(155, 4, 'Woodburn', 0),
(156, 4, 'Woolgoolga', 0),
(157, 4, 'Woy Woy', 0),
(158, 4, 'Wyong', 0),
(159, 4, 'Yamba', 0),
(160, 4, 'Yass', 0),
(161, 8, 'Alice Springs', 0),
(162, 8, 'Berrimah', 0),
(163, 8, 'Casuarina', 0),
(164, 8, 'Darwin', 0),
(165, 8, 'Howard Springs', 0),
(166, 8, 'Katherine', 0),
(167, 8, 'Nhulunbuy', 0),
(168, 8, 'Nightcliff', 0),
(169, 8, 'Noonamah', 0),
(170, 8, 'Tennant Creek', 0),
(171, 7, 'Acacia Ridge', 1),
(172, 7, 'Agnes Water', 0),
(173, 7, 'Airlie Beach', 0),
(174, 7, 'Albany Creek', 1),
(175, 7, 'Ascot', 1),
(176, 7, 'Ashmore', 0),
(177, 7, 'Aspley', 1),
(178, 7, 'Avoca', 0),
(179, 7, 'Ayr', 0),
(180, 7, 'Babinda', 0),
(181, 7, 'Beerwah', 0),
(182, 7, 'Bells Bridge', 0),
(183, 7, 'Bli Bli', 0),
(184, 7, 'Booral', 0),
(185, 7, 'Bowen', 0),
(186, 7, 'Boyne Island', 0),
(187, 7, 'Brassall', 1),
(188, 7, 'Bribie Island', 0),
(189, 7, 'Bundaberg', 0),
(190, 7, 'Bundamba', 1),
(191, 7, 'Burleigh Heads', 0),
(192, 7, 'Burrum Heads', 0),
(193, 7, 'Caboolture', 1),
(194, 7, 'Cairns', 0),
(195, 7, 'Cairns Smithfield', 0),
(196, 7, 'Cambooya', 0),
(197, 7, 'Camp Hill', 1),
(198, 7, 'Cardwell', 0),
(199, 7, 'Chermside', 1),
(200, 7, 'Childers', 0),
(201, 7, 'Collinsville', 0),
(202, 7, 'Cooktown', 0),
(203, 7, 'Coolum Beach', 0),
(204, 7, 'Coominya', 0),
(205, 7, 'Coorparoo', 1),
(206, 7, 'Crows Nest', 0),
(207, 7, 'Dayboro', 0),
(208, 7, 'Deeragun', 0),
(209, 7, 'Edge Hill', 0),
(210, 7, 'Edmonton', 0),
(211, 7, 'Eight Mile', 1),
(212, 7, 'Flaxton', 0),
(213, 7, 'Frenchville', 0),
(214, 7, 'Freshwater', 0),
(215, 7, 'Goodna', 1),
(216, 7, 'Gordonvale', 0),
(217, 7, 'Gulliver', 0),
(218, 7, 'Gympie', 0),
(219, 7, 'Half Tide Beach', 0),
(220, 7, 'Haliday Bay', 0),
(221, 7, 'Herberton', 0),
(222, 7, 'Highfields', 0),
(223, 7, 'Howard', 0),
(224, 7, 'Ingham', 0),
(225, 7, 'Innisfail', 0),
(226, 7, 'Ipswich', 1),
(227, 7, 'Kallangur and Petrie', 1),
(228, 7, 'Kingsthorpe', 0),
(229, 7, 'Lammermoor', 0),
(230, 7, 'Landsborough', 0),
(231, 7, 'Mackay', 0),
(232, 7, 'Malanda', 0),
(233, 7, 'Maleny', 0),
(234, 7, 'Marburg', 0),
(235, 7, 'Mareeba', 0),
(236, 7, 'Maroochydore', 0),
(237, 7, 'Maryborough', 0),
(238, 7, 'Merrimac', 0),
(239, 7, 'Mirani', 0),
(240, 7, 'Mission Beach', 0),
(241, 7, 'Mossman', 0),
(242, 7, 'Mount Morgan', 0),
(243, 7, 'Murgon', 0),
(244, 7, 'Nambour', 0),
(245, 7, 'Newtown', 0),
(246, 7, 'Ningi', 0),
(247, 7, 'North Gooburrum', 0),
(248, 7, 'Nudgee', 1),
(249, 7, 'Oakey', 0),
(250, 7, 'Parkhurst', 0),
(251, 7, 'Proserpine', 0),
(252, 7, 'Rainbow Beach', 0),
(253, 7, 'Ravenshoe', 0),
(254, 7, 'Redland Bay', 1),
(255, 7, 'Rockhampton', 0),
(256, 7, 'Rollingstone', 0),
(257, 7, 'Rosewood', 0),
(258, 7, 'Salisbury', 1),
(259, 7, 'Sarina Beach', 0),
(260, 7, 'Sherwood', 1),
(261, 7, 'Slacks Creek', 1),
(262, 7, 'Southport', 0),
(263, 7, 'Springfield', 1),
(264, 7, 'Sunshine Coast Caloundra', 0),
(265, 7, 'Sunshine Coast Noosa', 0),
(266, 7, 'Surfers Paradise', 0),
(267, 7, 'Tin Can Bay', 0),
(268, 7, 'Toorbul', 0),
(269, 7, 'Toowong', 1),
(270, 7, 'Toowoomba', 0),
(271, 7, 'Townsville', 0),
(272, 7, 'Tully', 0),
(273, 7, 'Wondai', 0),
(274, 7, 'Wonga Beach', 0),
(275, 7, 'Woodford', 0),
(276, 7, 'Woodgate', 0),
(277, 7, 'Woolloongabba', 1),
(278, 7, 'Wurtulla', 0),
(279, 5, 'Aldinga', 1),
(280, 5, 'Ardrossan', 0),
(281, 5, 'Balaklava', 0),
(282, 5, 'Barmera', 0),
(283, 5, 'Beachport', 0),
(284, 5, 'Berri', 0),
(285, 5, 'Birdwood', 0),
(286, 5, 'Bordertown', 0),
(287, 5, 'Brighton', 1),
(288, 5, 'Burra', 0),
(289, 5, 'Ceduna', 0),
(290, 5, 'Clare', 0),
(291, 5, 'Cleve', 0),
(292, 5, 'Cowell', 0),
(293, 5, 'Crystal Brook', 0),
(294, 5, 'Edwardstown', 1),
(295, 5, 'Elizabeth', 1),
(296, 5, 'Flinders', 1),
(297, 5, 'Freeling', 0),
(298, 5, 'Gawler', 0),
(299, 5, 'Gepps Cross', 1),
(300, 5, 'Glenelg', 1),
(301, 5, 'Glenunga', 1),
(302, 5, 'Goolwa', 0),
(303, 5, 'Jamestown', 0),
(304, 5, 'Kadina', 0),
(305, 5, 'Kapunda', 0),
(306, 5, 'Keith', 0),
(307, 5, 'Kimba', 0),
(308, 5, 'Kingston S.e.', 0),
(309, 5, 'Loxton', 0),
(310, 5, 'Lyndoch', 0),
(311, 5, 'Macclesfield', 0),
(312, 5, 'Maitland', 0),
(313, 5, 'Mannum', 0),
(314, 5, 'Meningie', 0),
(315, 5, 'Millicent', 0),
(316, 5, 'Minlaton', 0),
(317, 5, 'Modbury', 1),
(318, 5, 'Moonta', 0),
(319, 5, 'Mount Gambier', 0),
(320, 5, 'Mt Barker', 0),
(321, 5, 'Murray Bridge', 0),
(322, 5, 'Naracoorte', 0),
(323, 5, 'Norwood', 1),
(324, 5, 'Nuriootpa', 0),
(325, 5, 'Onkaparinga', 0),
(326, 5, 'Penola', 0),
(327, 5, 'Peterborough', 0),
(328, 5, 'Port Augusta', 0),
(329, 5, 'Port Broughton', 0),
(330, 5, 'Port Elliot and Victor Harbour', 0),
(331, 5, 'Port Lincoln', 0),
(332, 5, 'Port Pirie', 0),
(333, 5, 'Prospect', 1),
(334, 5, 'Quorn', 0),
(335, 5, 'Renmark', 0),
(336, 5, 'Reynella', 1),
(337, 5, 'Riverton', 0),
(338, 5, 'Robe', 0),
(339, 5, 'Roxby Downs', 0),
(340, 5, 'Salisbury', 1),
(341, 5, 'Seaford', 0),
(342, 5, 'St Marys', 1),
(343, 5, 'Stansbury', 0),
(344, 5, 'Stirling', 0),
(345, 5, 'Strathalbyn', 0),
(346, 5, 'Tailem Bend', 0),
(347, 5, 'Tumby Bay', 0),
(348, 5, 'Two Wells', 0),
(349, 5, 'Waikerie', 0),
(350, 5, 'West Adelaide', 1),
(351, 5, 'Whyalla', 0),
(352, 5, 'Woomera', 0),
(353, 5, 'Yankalilla', 0),
(354, 5, 'Yorketown', 0),
(355, 1, 'Beaconsfield', 0),
(356, 1, 'Bellerive', 0),
(357, 1, 'Bicheno', 0),
(358, 1, 'Bridport', 0),
(359, 1, 'Burnie', 0),
(360, 1, 'Cambridge', 0),
(361, 1, 'Campbell Town', 0),
(362, 1, 'Claremont', 0),
(363, 1, 'Cremorne', 0),
(364, 1, 'Cygnet', 0),
(365, 1, 'Deloraine', 0),
(366, 1, 'Devonport', 0),
(367, 1, 'Dodges Ferry', 0),
(368, 1, 'East Devonport', 0),
(369, 1, 'Evandale', 0),
(370, 1, 'Exeter', 0),
(371, 1, 'Geeveston', 0),
(372, 1, 'George Town', 0),
(373, 1, 'Hobart', 0),
(374, 1, 'Huonville-Ranelagh', 0),
(375, 1, 'Kingston', 0),
(376, 1, 'Launceston', 0),
(377, 1, 'Legana', 0),
(378, 1, 'Margate', 0),
(379, 1, 'New Norfolk', 0),
(380, 1, 'Orford', 0),
(381, 1, 'Penguin', 0),
(382, 1, 'Pontville', 0),
(383, 1, 'Port Sorell', 0),
(384, 1, 'Queenstown', 0),
(385, 1, 'Railton', 0),
(386, 1, 'Richmond Tas', 0),
(387, 1, 'Rosebery', 0),
(388, 1, 'Scamander', 0),
(389, 1, 'Scottsdale', 0),
(390, 1, 'Smithton', 0),
(391, 1, 'Somerset', 0),
(392, 1, 'Sorell', 0),
(393, 1, 'South Arm', 0),
(394, 1, 'South Launceston', 0),
(395, 1, 'St Helens', 0),
(396, 1, 'St Marys', 0),
(397, 1, 'Swansea', 0),
(398, 1, 'Taroona', 0),
(399, 1, 'Triabunna', 0),
(400, 1, 'Ulverstone', 0),
(401, 1, 'Westbury', 0),
(402, 1, 'Windermere', 0),
(403, 1, 'Wynyard', 0),
(404, 1, 'Zeehan', 0),
(405, 3, 'Anglesea', 0),
(406, 3, 'Bacchus Marsh', 0),
(407, 3, 'Ballan', 0),
(408, 3, 'Ballarat', 0),
(409, 3, 'Bannockburn', 0),
(410, 3, 'Bayswater', 1),
(411, 3, 'Beaufort', 0),
(412, 3, 'Beechworth', 0),
(413, 3, 'Bendigo', 0),
(414, 3, 'Brunswick', 1),
(415, 3, 'Carlton', 1),
(416, 3, 'Castlemaine', 0),
(417, 3, 'Caulfield', 1),
(418, 3, 'Chelsea', 1),
(419, 3, 'Cheltenham', 1),
(420, 3, 'Chiltern', 0),
(421, 3, 'Churchill', 0),
(422, 3, 'Clunes', 0),
(423, 3, 'Coburg', 1),
(424, 3, 'Cowes', 0),
(425, 3, 'Craigieburn', 1),
(426, 3, 'Cranbourne', 1),
(427, 3, 'Creswick', 0),
(428, 3, 'Dandenong', 1),
(429, 3, 'Daylesford', 0),
(430, 3, 'Dimboola', 0),
(431, 3, 'Elmore', 0),
(432, 3, 'Epping', 1),
(433, 3, 'Exhibition', 1),
(434, 3, 'Footscray', 1),
(435, 3, 'Garfield', 0),
(436, 3, 'Geelong', 0),
(437, 3, 'Glen Iris', 1),
(438, 3, 'Hawthorn', 1),
(439, 3, 'Healesville', 0),
(440, 3, 'Heathcote', 0),
(441, 3, 'Heidelberg', 1),
(442, 3, 'Heyfield', 0),
(443, 3, 'Horsham', 0),
(444, 3, 'Karingal', 1),
(445, 3, 'Kew', 1),
(446, 3, 'Keysborough', 1),
(447, 3, 'Kinglake', 0),
(448, 3, 'Kings Park', 1),
(449, 3, 'Kooyong', 1),
(450, 3, 'Kyneton', 0),
(451, 3, 'Lang Lang', 0),
(452, 3, 'Lara', 0),
(453, 3, 'Lilydale', 1),
(454, 3, 'Maidstone', 1),
(455, 3, 'Maldon', 0),
(456, 3, 'Melton', 0),
(457, 3, 'Mirboo North', 0),
(458, 3, 'Moolap', 0),
(459, 3, 'Moreland', 1),
(460, 3, 'Morwell', 0),
(461, 3, 'Mount Eliza', 1),
(462, 3, 'Nathalia', 0),
(463, 3, 'Newport', 1),
(464, 3, 'North Balwyn', 1),
(465, 3, 'North Melb', 1),
(466, 3, 'Numurkah', 0),
(467, 3, 'Oakleigh', 1),
(468, 3, 'Ocean Grove-Barwon Heads', 0),
(469, 3, 'Point Cook', 1),
(470, 3, 'Portarlington', 0),
(471, 3, 'Reservoir', 1),
(472, 3, 'Richmond', 1),
(473, 3, 'Romsey', 0),
(474, 3, 'Rosedale', 0),
(475, 3, 'Rushworth', 0),
(476, 3, 'Rye', 1),
(477, 3, 'Shepparton', 0),
(478, 3, 'Shoreham', 0),
(479, 3, 'South Morang', 1),
(480, 3, 'St Kilda', 1),
(481, 3, 'Sunbury', 0),
(482, 3, 'Tallangatta', 0),
(483, 3, 'Tarneit', 1),
(484, 3, 'Tatura', 0),
(485, 3, 'Thomastown', 1),
(486, 3, 'Thornbury', 1),
(487, 3, 'Torquay', 0),
(488, 3, 'Traralgon', 0),
(489, 3, 'Trentham', 0),
(490, 3, 'Tullamarine', 1),
(491, 3, 'Warburton', 0),
(492, 3, 'Werribee', 1),
(493, 3, 'Wheelers Hill', 1),
(494, 3, 'Whittlesea', 0),
(495, 3, 'Winchelsea', 0),
(496, 3, 'Wodonga', 0),
(497, 3, 'Woori Yallock', 0),
(498, 3, 'Yarra Glen', 0),
(499, 6, 'Albany', 0),
(500, 6, 'Applecross', 1),
(501, 6, 'Armadale', 1),
(502, 6, 'Augusta', 0),
(503, 6, 'Australind', 0),
(504, 6, 'Bakers Hill', 0),
(505, 6, 'Bassendean', 1),
(506, 6, 'Beverley', 0),
(507, 6, 'Bridgetown', 0),
(508, 6, 'Brookton', 0),
(509, 6, 'Broome', 0),
(510, 6, 'Brunswick Junction', 0),
(511, 6, 'Bunbury', 0),
(512, 6, 'Busselton', 0),
(513, 6, 'Cannington', 1),
(514, 6, 'Capel', 0),
(515, 6, 'Carnarvon', 0),
(516, 6, 'Cervantes', 0),
(517, 6, 'Collie', 0),
(518, 6, 'Coolgardie', 0),
(519, 6, 'Cowaramup', 0),
(520, 6, 'Cunderdin', 0),
(521, 6, 'Dampier', 0),
(522, 6, 'Denmark', 0),
(523, 6, 'Derby', 0),
(524, 6, 'Dongara', 0),
(525, 6, 'Donnybrook', 0),
(526, 6, 'Doubleview', 1),
(527, 6, 'Dunsborough', 0),
(528, 6, 'Ellenbrook', 0),
(529, 6, 'Esperance', 0),
(530, 6, 'Exmouth', 0),
(531, 6, 'Geraldton', 0),
(532, 6, 'Glenfield', 0),
(533, 6, 'Gnowangerup', 0),
(534, 6, 'Harvey', 0),
(535, 6, 'Herron', 0),
(536, 6, 'Hilton', 1),
(537, 6, 'Hopetoun', 0),
(538, 6, 'Jandakot South', 1),
(539, 6, 'Joondalup', 1),
(540, 6, 'Jurien', 0),
(541, 6, 'Kalbarri', 0),
(542, 6, 'Kalgoorlie-Boulder', 0),
(543, 6, 'Kambalda West', 0),
(544, 6, 'Karratha', 0),
(545, 6, 'Katanning', 0),
(546, 6, 'Kellerberrin', 0),
(547, 6, 'Kelmscott', 1),
(548, 6, 'Kingsley', 1),
(549, 6, 'Kojonup', 0),
(550, 6, 'Kununurra', 0),
(551, 6, 'Lancelin', 0),
(552, 6, 'Leeman', 0),
(553, 6, 'Mandurah', 0),
(554, 6, 'Manjimup', 0),
(555, 6, 'Margaret River', 0),
(556, 6, 'Meadow Springs', 0),
(557, 6, 'Merredin', 0),
(558, 6, 'Moora', 0),
(559, 6, 'Mount Barker', 0),
(560, 6, 'Mullaloo', 1),
(561, 6, 'Myalup', 0),
(562, 6, 'Narrogin', 0),
(563, 6, 'Newman', 0),
(564, 6, 'Norseman', 0),
(565, 6, 'Northam', 0),
(566, 6, 'Northampton', 0),
(567, 6, 'Paraburdoo', 0),
(568, 6, 'Pemberton', 0),
(569, 6, 'Pier', 1),
(570, 6, 'Pingelly', 0),
(571, 6, 'Pinjarra', 0),
(572, 6, 'Pinjarra West', 0),
(573, 6, 'Port Hedland', 0),
(574, 6, 'Preston Beach', 0),
(575, 6, 'Quinns Rocks', 1),
(576, 6, 'Rockingham', 0),
(577, 6, 'Roebourne', 0),
(578, 6, 'Secret Harbour', 0),
(579, 6, 'South Coogee', 0),
(580, 6, 'South Perth', 1),
(581, 6, 'Southern Cross', 0),
(582, 6, 'Spearwood', 1),
(583, 6, 'Subiaco', 1),
(584, 6, 'Tom Price', 0),
(585, 6, 'Toodyay', 0),
(586, 6, 'Victoria Park', 1),
(587, 6, 'Wagin', 0),
(588, 6, 'Waroona', 0),
(589, 6, 'Wickham', 0),
(590, 6, 'Wongan Hills', 0),
(591, 6, 'Woodridge Estate', 0),
(592, 6, 'Yanchep', 0),
(593, 6, 'York', 0),
(594, 6, 'Yunderup', 0);

-- --------------------------------------------------------

--
-- Table structure for table `nbnrolloutlocalities`
--

CREATE TABLE IF NOT EXISTS `nbnrolloutlocalities` (
  `id` int(11) NOT NULL AUTO_INCREMENT,
  `nbnrollout_id` int(11) NOT NULL,
  `locality` varchar(60) NOT NULL,
  PRIMARY KEY (`id`)
) ENGINE=MyISAM  DEFAULT CHARSET=latin1 AUTO_INCREMENT=3048 ;

--
-- Dumping data for table `nbnrolloutlocalities`
--

INSERT INTO `nbnrolloutlocalities` (`id`, `nbnrollout_id`, `locality`) VALUES
(1, 1, 'Belconnen'),
(2, 1, 'Bruce'),
(3, 1, 'Cook'),
(4, 1, 'Giralang'),
(5, 1, 'Kaleen'),
(6, 1, 'Lyneham'),
(7, 1, 'Macquarie'),
(8, 1, 'O''Connor'),
(9, 1, 'Aranda'),
(10, 2, 'Casey'),
(11, 2, 'Forde'),
(12, 2, 'Hall'),
(13, 2, 'Bonner'),
(14, 3, 'Ainslie'),
(15, 3, 'Braddon'),
(16, 3, 'Campbell'),
(17, 3, 'City'),
(18, 3, 'Dickson'),
(19, 3, 'Downer'),
(20, 3, 'Hackett'),
(21, 3, 'Lyneham'),
(22, 3, 'O''Connor'),
(23, 3, 'Pialligo'),
(24, 3, 'Reid'),
(25, 3, 'Turner'),
(26, 3, 'Watson'),
(27, 3, 'Acton'),
(28, 4, 'Crace'),
(29, 4, 'Franklin'),
(30, 4, 'Gungahlin'),
(31, 4, 'Harrison'),
(32, 4, 'Mitchell'),
(33, 4, 'Ngunnawal'),
(34, 4, 'Nicholls'),
(35, 4, 'Palmerston'),
(36, 4, 'Watson'),
(37, 4, 'Amaroo'),
(38, 5, 'Chifley'),
(39, 5, 'Curtin'),
(40, 5, 'Deakin'),
(41, 5, 'Duffy'),
(42, 5, 'Fisher'),
(43, 5, 'Garran'),
(44, 5, 'Holder'),
(45, 5, 'Hughes'),
(46, 5, 'Lyons'),
(47, 5, 'Phillip'),
(48, 5, 'Rivett'),
(49, 5, 'Stirling'),
(50, 5, 'Waramanga'),
(51, 5, 'Weston'),
(52, 5, 'Yarralumla'),
(53, 5, 'Chapman'),
(54, 6, 'Greenway'),
(55, 6, 'Isaacs'),
(56, 6, 'Kambah'),
(57, 6, 'Mawson'),
(58, 6, 'O''Malley'),
(59, 6, 'Oxley'),
(60, 6, 'Pearce'),
(61, 6, 'Torrens'),
(62, 6, 'Wanniassa'),
(63, 6, 'Farrer'),
(64, 7, 'Forrest'),
(65, 7, 'Griffith'),
(66, 7, 'Kingston'),
(67, 7, 'Narrabundah'),
(68, 7, 'Parkes'),
(69, 7, 'Red Hill'),
(70, 7, 'Symonston'),
(71, 7, 'Barton'),
(72, 8, 'Bonython'),
(73, 8, 'Calwell'),
(74, 8, 'Chisholm'),
(75, 8, 'Conder'),
(76, 8, 'Fadden'),
(77, 8, 'Gilmore'),
(78, 8, 'Gordon'),
(79, 8, 'Gowrie'),
(80, 8, 'Greenway'),
(81, 8, 'Isabella Plains'),
(82, 8, 'Macarthur'),
(83, 8, 'Monash'),
(84, 8, 'Richardson'),
(85, 8, 'Theodore'),
(86, 8, 'Banks'),
(87, 9, 'Googong'),
(88, 9, 'Greenleigh'),
(89, 9, 'Jerrabomberra'),
(90, 9, 'Karabar'),
(91, 9, 'Queanbeyan'),
(92, 9, 'Queanbeyan East'),
(93, 9, 'Queanbeyan West'),
(94, 9, 'The Ridgeway'),
(95, 9, 'Hume'),
(96, 9, 'Oaks Estate'),
(97, 9, 'Crestwood'),
(98, 10, 'Dunlop'),
(99, 10, 'Evatt'),
(100, 10, 'Florey'),
(101, 10, 'Flynn'),
(102, 10, 'Fraser'),
(103, 10, 'Hawker'),
(104, 10, 'Higgins'),
(105, 10, 'Holt'),
(106, 10, 'Latham'),
(107, 10, 'Macgregor'),
(108, 10, 'McKellar'),
(109, 10, 'Melba'),
(110, 10, 'Page'),
(111, 10, 'Scullin'),
(112, 10, 'Spence'),
(113, 10, 'Weetangera'),
(114, 10, 'Charnwood'),
(115, 11, 'Adelong'),
(116, 12, 'Albion Park Rail'),
(117, 12, 'Haywards Bay'),
(118, 12, 'Oak Flats'),
(119, 12, 'Tullimbar'),
(120, 12, 'Albion Park'),
(121, 13, 'East Albury'),
(122, 13, 'South Albury'),
(123, 13, 'West Albury'),
(124, 13, 'Albury'),
(125, 14, 'Appin'),
(126, 15, 'Armidale'),
(127, 16, 'Bankstown Aerodrome'),
(128, 16, 'Condell Park'),
(129, 16, 'Georges Hall'),
(130, 16, 'Greenacre'),
(131, 16, 'Mount Lewis'),
(132, 16, 'Punchbowl'),
(133, 16, 'Yagoona'),
(134, 16, 'Bankstown'),
(135, 17, 'Koondrook'),
(136, 17, 'Barham'),
(137, 18, 'Batemans Bay'),
(138, 18, 'Catalina'),
(139, 18, 'Denhams Beach'),
(140, 18, 'Long Beach'),
(141, 18, 'Maloneys Beach'),
(142, 18, 'North Batemans Bay'),
(143, 18, 'Sunshine Bay'),
(144, 18, 'Surf Beach'),
(145, 18, 'Surfside'),
(146, 18, 'Batehaven'),
(147, 19, 'Batlow'),
(148, 20, 'Bawley Point'),
(149, 21, 'Bellingen'),
(150, 22, 'Belmont North'),
(151, 22, 'Belmont South'),
(152, 22, 'Blacksmiths'),
(153, 22, 'Croudace Bay'),
(154, 22, 'Eleebana'),
(155, 22, 'Floraville'),
(156, 22, 'Jewells'),
(157, 22, 'Marks Point'),
(158, 22, 'Mount Hutton'),
(159, 22, 'Pelican'),
(160, 22, 'Tingira Heights'),
(161, 22, 'Valentine'),
(162, 22, 'Warners Bay'),
(163, 22, 'Windale'),
(164, 22, 'Belmont'),
(165, 23, 'Cunjurong Point'),
(166, 23, 'Manyana'),
(167, 23, 'Bendalong'),
(168, 24, 'Bermagui'),
(169, 25, 'Berowra Heights'),
(170, 25, 'Brooklyn'),
(171, 25, 'Cowan'),
(172, 25, 'Milsons Passage'),
(173, 25, 'Mount Kuring-Gai'),
(174, 25, 'Berowra'),
(175, 26, 'Berridale'),
(176, 27, 'Bingara'),
(177, 28, 'Blacktown'),
(178, 28, 'Doonside'),
(179, 28, 'Kings Park'),
(180, 28, 'Lalor Park'),
(181, 28, 'Marayong'),
(182, 28, 'Prospect'),
(183, 28, 'Seven Hills'),
(184, 28, 'Woodcroft'),
(185, 28, 'Arndell Park'),
(186, 29, 'Bungarby'),
(187, 29, 'Bombala'),
(188, 30, 'Bondi'),
(189, 30, 'Bondi Beach'),
(190, 30, 'Bondi Junction'),
(191, 30, 'Bronte'),
(192, 30, 'North Bondi'),
(193, 30, 'Queens Park'),
(194, 30, 'Tamarama'),
(195, 30, 'Waverley'),
(196, 30, 'Woollahra'),
(197, 30, 'Bellevue Hill'),
(198, 31, 'Braidwood'),
(199, 32, 'Branxton'),
(200, 32, 'East Branxton'),
(201, 32, 'Greta'),
(202, 32, 'Lochinvar'),
(203, 32, 'North Rothbury'),
(204, 32, 'Rothbury'),
(205, 32, 'Allandale'),
(206, 33, 'Bulahdelah'),
(207, 34, 'Bungendore'),
(208, 35, 'Ambarvale'),
(209, 35, 'Blair Athol'),
(210, 35, 'Blairmount'),
(211, 35, 'Bradbury'),
(212, 35, 'Campbelltown'),
(213, 35, 'Claymore'),
(214, 35, 'Eagle Vale'),
(215, 35, 'Englorie Park'),
(216, 35, 'Glen Alpine'),
(217, 35, 'Kentlyn'),
(218, 35, 'Leumeah'),
(219, 35, 'Rosemeadow'),
(220, 35, 'Ruse'),
(221, 35, 'St Helens Park'),
(222, 35, 'Woodbine'),
(223, 35, 'Airds'),
(224, 36, 'Belmore'),
(225, 36, 'Campsie'),
(226, 36, 'Canterbury'),
(227, 36, 'Clemton Park'),
(228, 36, 'Earlwood'),
(229, 36, 'Belfield'),
(230, 37, 'Canowindra'),
(231, 38, 'Cabramatta West'),
(232, 38, 'Canley Heights'),
(233, 38, 'Canley Vale'),
(234, 38, 'Carramar'),
(235, 38, 'Fairfield'),
(236, 38, 'Fairfield East'),
(237, 38, 'Fairfield Heights'),
(238, 38, 'Lansdowne'),
(239, 38, 'Lansvale'),
(240, 38, 'Villawood'),
(241, 38, 'Cabramatta'),
(242, 39, 'Cherrybrook'),
(243, 39, 'Glenhaven'),
(244, 39, 'West Pennant Hills'),
(245, 39, 'Castle Hill'),
(246, 40, 'Abernethy'),
(247, 40, 'Bellbird'),
(248, 40, 'Bellbird Heights'),
(249, 40, 'Cessnock'),
(250, 40, 'Ellalong'),
(251, 40, 'Kearsley'),
(252, 40, 'Kitchener'),
(253, 40, 'Millfield'),
(254, 40, 'Mount View'),
(255, 40, 'Nulkaba'),
(256, 40, 'Paxton'),
(257, 40, 'Aberdare'),
(258, 41, 'Cardiff'),
(259, 41, 'Cardiff Heights'),
(260, 41, 'Cardiff South'),
(261, 41, 'Charlestown'),
(262, 41, 'Dudley'),
(263, 41, 'Garden Suburb'),
(264, 41, 'Gateshead'),
(265, 41, 'Glendale'),
(266, 41, 'Highfields'),
(267, 41, 'Hillsborough'),
(268, 41, 'Kahibah'),
(269, 41, 'Kotara South'),
(270, 41, 'Lakelands'),
(271, 41, 'Macquarie Hills'),
(272, 41, 'Redhead'),
(273, 41, 'Whitebridge'),
(274, 41, 'Adamstown Heights'),
(275, 42, 'Chatswood'),
(276, 42, 'Chatswood West'),
(277, 42, 'Roseville'),
(278, 42, 'Artarmon'),
(279, 43, 'Surry Hills'),
(280, 43, 'Sydney'),
(281, 43, 'Ultimo'),
(282, 43, 'Haymarket'),
(283, 44, 'Clarence Town'),
(284, 45, 'Korora'),
(285, 45, 'North Boambee Valley'),
(286, 45, 'Sapphire Beach'),
(287, 45, 'Coffs Harbour'),
(288, 46, 'Como'),
(289, 46, 'Jannali'),
(290, 46, 'Kareela'),
(291, 46, 'Kirrawee'),
(292, 46, 'Loftus'),
(293, 46, 'Oyster Bay'),
(294, 46, 'Royal National Park'),
(295, 46, 'Sutherland'),
(296, 46, 'Woronora'),
(297, 46, 'Woronora Heights'),
(298, 46, 'Bonnet Bay'),
(299, 47, 'Coolamon'),
(300, 48, 'Polo Flat'),
(301, 48, 'Cooma'),
(302, 49, 'Coraki'),
(303, 50, 'Balgownie'),
(304, 50, 'Bellambi'),
(305, 50, 'Bulli'),
(306, 50, 'Coledale'),
(307, 50, 'Corrimal'),
(308, 50, 'East Corrimal'),
(309, 50, 'Fairy Meadow'),
(310, 50, 'Fernhill'),
(311, 50, 'Mount Ousley'),
(312, 50, 'Mount Pleasant'),
(313, 50, 'Russell Vale'),
(314, 50, 'Scarborough'),
(315, 50, 'Tarrawanna'),
(316, 50, 'Thirroul'),
(317, 50, 'Towradgi'),
(318, 50, 'Wombarra'),
(319, 50, 'Woonona'),
(320, 50, 'Austinmer'),
(321, 51, 'Culcairn'),
(322, 52, 'Currarong'),
(323, 53, 'Dawes Point'),
(324, 53, 'Millers Point'),
(325, 53, 'Sydney'),
(326, 53, 'The Rocks'),
(327, 53, 'Barangaroo'),
(328, 54, 'Dapto'),
(329, 54, 'Horsley'),
(330, 54, 'Kanahooka'),
(331, 54, 'Koonawarra'),
(332, 54, 'Penrose'),
(333, 54, 'Wongawilli'),
(334, 54, 'Brownsville'),
(335, 55, 'Deniliquin'),
(336, 56, 'Dorrigo'),
(337, 57, 'Dubbo'),
(338, 58, 'Dungog'),
(339, 59, 'Bonnyrigg'),
(340, 59, 'Bonnyrigg Heights'),
(341, 59, 'Bossley Park'),
(342, 59, 'Cabramatta West'),
(343, 59, 'Cecil Hills'),
(344, 59, 'Cecil Park'),
(345, 59, 'Edensor Park'),
(346, 59, 'Greenfield Park'),
(347, 59, 'Horsley Park'),
(348, 59, 'Mount Pritchard'),
(349, 59, 'Mount Vernon'),
(350, 59, 'St Johns Park'),
(351, 59, 'Abbotsbury'),
(352, 60, 'Darling Point'),
(353, 60, 'Double Bay'),
(354, 60, 'Edgecliff'),
(355, 60, 'Point Piper'),
(356, 60, 'Woollahra'),
(357, 60, 'Bellevue Hill'),
(358, 61, 'Camden Park'),
(359, 61, 'Camden South'),
(360, 61, 'Ellis Lane'),
(361, 61, 'Grasmere'),
(362, 61, 'Camden'),
(363, 62, 'Heathcote'),
(364, 62, 'Waterfall'),
(365, 62, 'Yarrawarrah'),
(366, 62, 'Engadine'),
(367, 63, 'Erina Heights'),
(368, 63, 'Green Point'),
(369, 63, 'Holgate'),
(370, 63, 'Matcham'),
(371, 63, 'Springfield'),
(372, 63, 'Erina'),
(373, 64, 'Evans Head'),
(374, 65, 'Finley'),
(375, 66, 'Beacon Hill'),
(376, 66, 'Belrose'),
(377, 66, 'Davidson'),
(378, 66, 'Duffys Forest'),
(379, 66, 'Forestville'),
(380, 66, 'Frenchs Forest'),
(381, 66, 'Killarney Heights'),
(382, 66, 'Ku-Ring-Gai Chase'),
(383, 66, 'Oxford Falls'),
(384, 66, 'Terrey Hills'),
(385, 66, 'Allambie Heights'),
(386, 67, 'Gerroa'),
(387, 67, 'Werri Beach'),
(388, 67, 'Gerringong'),
(389, 68, 'Gilgandra'),
(390, 69, 'Forest Lodge'),
(391, 69, 'Glebe'),
(392, 69, 'Pyrmont'),
(393, 69, 'Annandale'),
(394, 70, 'Canton Beach'),
(395, 70, 'Charmhaven'),
(396, 70, 'Gorokan'),
(397, 70, 'Hamlyn Terrace'),
(398, 70, 'Kanwal'),
(399, 70, 'Lake Haven'),
(400, 70, 'Norah Head'),
(401, 70, 'Noraville'),
(402, 70, 'Toukley'),
(403, 70, 'Tuggerawong'),
(404, 70, 'Wallarah'),
(405, 70, 'Warnervale'),
(406, 70, 'Woongarrah'),
(407, 70, 'Wyongah'),
(408, 70, 'Budgewoi Peninsula'),
(409, 71, 'Gosford'),
(410, 71, 'Kariong'),
(411, 71, 'Mount Elliot'),
(412, 71, 'Narara'),
(413, 71, 'North Gosford'),
(414, 71, 'Point Clare'),
(415, 71, 'Point Frederick'),
(416, 71, 'Somersby'),
(417, 71, 'Springfield'),
(418, 71, 'Tascott'),
(419, 71, 'West Gosford'),
(420, 71, 'Wyoming'),
(421, 71, 'East Gosford'),
(422, 72, 'Grafton'),
(423, 72, 'Junction Hill'),
(424, 72, 'South Grafton'),
(425, 72, 'Waterview Heights'),
(426, 72, 'Clarenza'),
(427, 73, 'Gunnedah'),
(428, 74, 'Broadmeadow'),
(429, 74, 'Carrington'),
(430, 74, 'Cooks Hill'),
(431, 74, 'Hamilton'),
(432, 74, 'Hamilton East'),
(433, 74, 'Hamilton North'),
(434, 74, 'Hamilton South'),
(435, 74, 'Islington'),
(436, 74, 'Kooragang'),
(437, 74, 'Maryville'),
(438, 74, 'Merewether'),
(439, 74, 'Merewether Heights'),
(440, 74, 'Newcastle'),
(441, 74, 'Newcastle East'),
(442, 74, 'Newcastle West'),
(443, 74, 'The Hill'),
(444, 74, 'The Junction'),
(445, 74, 'Tighes Hill'),
(446, 74, 'Wickham'),
(447, 74, 'Bar Beach'),
(448, 75, 'Henty'),
(449, 76, 'Holbrook'),
(450, 77, 'Homebush West'),
(451, 77, 'North Strathfield'),
(452, 77, 'Rookwood'),
(453, 77, 'Strathfield'),
(454, 77, 'Homebush'),
(455, 78, 'Hornsby'),
(456, 78, 'Hornsby Heights'),
(457, 78, 'Mount Colah'),
(458, 78, 'Mount Kuring-Gai'),
(459, 78, 'Waitara'),
(460, 78, 'Asquith'),
(461, 79, 'Howlong'),
(462, 80, 'Jindabyne'),
(463, 81, 'Junee'),
(464, 82, 'Bella Vista'),
(465, 82, 'Glenwood'),
(466, 82, 'Kellyville'),
(467, 82, 'Kellyville Ridge'),
(468, 82, 'Rouse Hill'),
(469, 82, 'Stanhope Gardens'),
(470, 82, 'The Ponds'),
(471, 82, 'Beaumont Hills'),
(472, 83, 'East Kempsey'),
(473, 83, 'Frederickton'),
(474, 83, 'Greenhill'),
(475, 83, 'Kempsey'),
(476, 83, 'South Kempsey'),
(477, 83, 'West Kempsey'),
(478, 83, 'Yarravel'),
(479, 83, 'Aldavilla'),
(480, 84, 'Eastlakes'),
(481, 84, 'Kensington'),
(482, 84, 'Kingsford'),
(483, 84, 'Moore Park'),
(484, 84, 'Rosebery'),
(485, 84, 'Zetland'),
(486, 84, 'Daceyville'),
(487, 85, 'Jamberoo'),
(488, 85, 'Kiama'),
(489, 85, 'Kiama Downs'),
(490, 85, 'Kiama Heights'),
(491, 85, 'Minnamurra'),
(492, 85, 'Bombo'),
(493, 86, 'Kooringal'),
(494, 86, 'Lake Albert'),
(495, 86, 'Mount Austin'),
(496, 86, 'Springvale'),
(497, 86, 'Tatton'),
(498, 86, 'Tolland'),
(499, 86, 'Bourkelands'),
(500, 87, 'Kootingal'),
(501, 88, 'Greenacre'),
(502, 88, 'Lakemba'),
(503, 88, 'Punchbowl'),
(504, 88, 'Roselands'),
(505, 88, 'Wiley Park'),
(506, 88, 'Belmore'),
(507, 89, 'Hamilton Valley'),
(508, 89, 'Lavington'),
(509, 89, 'North Albury'),
(510, 89, 'Springdale Heights'),
(511, 89, 'Thurgoona'),
(512, 89, 'Wirlinga'),
(513, 89, 'Glenroy'),
(514, 90, 'Berala'),
(515, 90, 'Lidcombe'),
(516, 90, 'Regents Park'),
(517, 90, 'Rookwood'),
(518, 90, 'Auburn'),
(519, 91, 'Chipping Norton'),
(520, 91, 'Liverpool'),
(521, 91, 'Lurnea'),
(522, 91, 'Moorebank'),
(523, 91, 'Mount Pritchard'),
(524, 91, 'Warwick Farm'),
(525, 91, 'Casula'),
(526, 92, 'Berkeley Vale'),
(527, 92, 'Blue Bay'),
(528, 92, 'Chittaway Bay'),
(529, 92, 'Chittaway Point'),
(530, 92, 'Fountaindale'),
(531, 92, 'Glenning Valley'),
(532, 92, 'Killarney Vale'),
(533, 92, 'Long Jetty'),
(534, 92, 'Magenta'),
(535, 92, 'Shelly Beach'),
(536, 92, 'The Entrance'),
(537, 92, 'The Entrance North'),
(538, 92, 'Toowoon Bay'),
(539, 92, 'Tumbi Umbi'),
(540, 92, 'Bateau Bay'),
(541, 93, 'Congarinni North'),
(542, 93, 'Gumma'),
(543, 93, 'Hyland Park'),
(544, 93, 'Macksville'),
(545, 93, 'Nambucca Heads'),
(546, 93, 'Newee Creek'),
(547, 93, 'North Macksville'),
(548, 93, 'Scotts Head'),
(549, 93, 'Tewinga'),
(550, 93, 'Valla Beach'),
(551, 93, 'Way Way'),
(552, 93, 'Bowraville'),
(553, 94, 'Harwood'),
(554, 94, 'Maclean'),
(555, 94, 'Townsend'),
(556, 94, 'Gulmarrad'),
(557, 95, 'Ashtonfield'),
(558, 95, 'Bolwarra'),
(559, 95, 'Bolwarra Heights'),
(560, 95, 'East Maitland'),
(561, 95, 'Gillieston Heights'),
(562, 95, 'Horseshoe Bend'),
(563, 95, 'Largs'),
(564, 95, 'Lorn'),
(565, 95, 'Louth Park'),
(566, 95, 'Maitland'),
(567, 95, 'Metford'),
(568, 95, 'Morpeth'),
(569, 95, 'Oakhampton'),
(570, 95, 'Pitnacree'),
(571, 95, 'Raworth'),
(572, 95, 'Rutherford'),
(573, 95, 'South Maitland'),
(574, 95, 'Telarah'),
(575, 95, 'Tenambit'),
(576, 95, 'Windella'),
(577, 95, 'Aberglasslyn'),
(578, 96, 'Manilla'),
(579, 97, 'Georgetown'),
(580, 97, 'Jesmond'),
(581, 97, 'Mayfield'),
(582, 97, 'Mayfield East'),
(583, 97, 'Mayfield West'),
(584, 97, 'North Lambton'),
(585, 97, 'Sandgate'),
(586, 97, 'Warabrook'),
(587, 97, 'Waratah'),
(588, 97, 'Waratah West'),
(589, 97, 'Callaghan'),
(590, 98, 'Caringbah South'),
(591, 98, 'Dolans Bay'),
(592, 98, 'Grays Point'),
(593, 98, 'Gymea'),
(594, 98, 'Gymea Bay'),
(595, 98, 'Kangaroo Point'),
(596, 98, 'Lilli Pilli'),
(597, 98, 'Miranda'),
(598, 98, 'Port Hacking'),
(599, 98, 'Sylvania'),
(600, 98, 'Sylvania Waters'),
(601, 98, 'Taren Point'),
(602, 98, 'Yowie Bay'),
(603, 98, 'Caringbah'),
(604, 99, 'Balaclava'),
(605, 99, 'Braemar'),
(606, 99, 'Colo Vale'),
(607, 99, 'Hill Top'),
(608, 99, 'Mittagong'),
(609, 99, 'Welby'),
(610, 99, 'Willow Vale'),
(611, 99, 'Yerrinbool'),
(612, 99, 'Aylmerton'),
(613, 100, 'Church Point'),
(614, 100, 'Elanora Heights'),
(615, 100, 'Ingleside'),
(616, 100, 'Mona Vale'),
(617, 100, 'Narrabeen'),
(618, 100, 'Newport'),
(619, 100, 'North Narrabeen'),
(620, 100, 'Scotland Island'),
(621, 100, 'Warriewood'),
(622, 100, 'Bayview'),
(623, 101, 'Moruya Heads'),
(624, 101, 'Moruya'),
(625, 102, 'Mosman'),
(626, 103, 'Bowral'),
(627, 103, 'Bundanoon'),
(628, 103, 'Burradoo'),
(629, 103, 'East Bowral'),
(630, 103, 'Moss Vale'),
(631, 103, 'New Berrima'),
(632, 103, 'Berrima'),
(633, 104, 'Mudgee'),
(634, 104, 'Putta Bucca'),
(635, 104, 'Bombira'),
(636, 105, 'Murrumbateman'),
(637, 106, 'Murrurundi'),
(638, 107, 'Condong'),
(639, 107, 'Kielvale'),
(640, 107, 'Murwillumbah'),
(641, 107, 'South Murwillumbah'),
(642, 107, 'Bray Park'),
(643, 108, 'Kangy Angy'),
(644, 108, 'Lisarow'),
(645, 108, 'Mount Elliot'),
(646, 108, 'Narara'),
(647, 108, 'Niagara Park'),
(648, 108, 'Ourimbah'),
(649, 108, 'Wyoming'),
(650, 108, 'Fountaindale'),
(651, 109, 'Currans Hill'),
(652, 109, 'Elderslie'),
(653, 109, 'Harrington Park'),
(654, 109, 'Mount Annan'),
(655, 109, 'Narellan'),
(656, 109, 'Narellan Vale'),
(657, 109, 'Oran Park'),
(658, 109, 'Smeaton Grange'),
(659, 109, 'Spring Farm'),
(660, 109, 'Catherine Field'),
(661, 110, 'Kianga'),
(662, 110, 'Narooma'),
(663, 110, 'North Narooma'),
(664, 110, 'Dalmeny'),
(665, 111, 'Adamstown Heights'),
(666, 111, 'Birmingham Gardens'),
(667, 111, 'Elermore Vale'),
(668, 111, 'Fletcher'),
(669, 111, 'Jesmond'),
(670, 111, 'Kotara'),
(671, 111, 'Lambton'),
(672, 111, 'Maryland'),
(673, 111, 'New Lambton'),
(674, 111, 'New Lambton Heights'),
(675, 111, 'Rankin Park'),
(676, 111, 'Shortland'),
(677, 111, 'Wallsend'),
(678, 111, 'Adamstown'),
(679, 112, 'Camperdown'),
(680, 112, 'Enmore'),
(681, 112, 'Erskineville'),
(682, 112, 'Newtown'),
(683, 112, 'St Peters'),
(684, 112, 'Stanmore'),
(685, 112, 'Sydenham'),
(686, 112, 'Alexandria'),
(687, 113, 'North Rocks'),
(688, 113, 'Northmead'),
(689, 113, 'Oatlands'),
(690, 113, 'Parramatta'),
(691, 113, 'North Parramatta'),
(692, 114, 'Bomaderry'),
(693, 114, 'Cambewarra Village'),
(694, 114, 'North Nowra'),
(695, 114, 'Nowra'),
(696, 114, 'South Nowra'),
(697, 114, 'Tapitallee'),
(698, 114, 'Terara'),
(699, 114, 'West Nowra'),
(700, 114, 'Worrigee'),
(701, 114, 'Bangalee'),
(702, 115, 'Mays Hill'),
(703, 115, 'Parramatta'),
(704, 115, 'South Wentworthville'),
(705, 115, 'Westmead'),
(706, 115, 'Harris Park'),
(707, 116, 'Lugarno'),
(708, 116, 'Narwee'),
(709, 116, 'Peakhurst'),
(710, 116, 'Peakhurst Heights'),
(711, 116, 'Riverwood'),
(712, 116, 'Beverly Hills'),
(713, 117, 'Girraween'),
(714, 117, 'Greystanes'),
(715, 117, 'Old Toongabbie'),
(716, 117, 'Pemulwuy'),
(717, 117, 'Pendle Hill'),
(718, 117, 'South Wentworthville'),
(719, 117, 'Toongabbie'),
(720, 117, 'Wentworthville'),
(721, 117, 'Constitution Hill'),
(722, 118, 'Cambridge Park'),
(723, 118, 'Cranebrook'),
(724, 118, 'Jamisontown'),
(725, 118, 'Kingswood'),
(726, 118, 'Penrith'),
(727, 118, 'South Penrith'),
(728, 118, 'Werrington Downs'),
(729, 118, 'Cambridge Gardens'),
(730, 119, 'Leichhardt'),
(731, 119, 'Lewisham'),
(732, 119, 'Marrickville'),
(733, 119, 'Petersham'),
(734, 119, 'Stanmore'),
(735, 119, 'Dulwich Hill'),
(736, 120, 'Cordeaux Heights'),
(737, 120, 'Cringila'),
(738, 120, 'Farmborough Heights'),
(739, 120, 'Figtree'),
(740, 120, 'Lake Heights'),
(741, 120, 'Mount Kembla'),
(742, 120, 'Port Kembla'),
(743, 120, 'Primbee'),
(744, 120, 'Unanderra'),
(745, 120, 'Warrawong'),
(746, 120, 'Windang'),
(747, 120, 'Berkeley'),
(748, 121, 'Quirindi'),
(749, 122, 'Blakehurst'),
(750, 122, 'Carss Park'),
(751, 122, 'Connells Point'),
(752, 122, 'Kogarah Bay'),
(753, 122, 'Kyle Bay'),
(754, 122, 'South Hurstville'),
(755, 122, 'Allawah'),
(756, 123, 'Eagleton'),
(757, 123, 'Ferodale'),
(758, 123, 'Heatherbrae'),
(759, 123, 'Hinton'),
(760, 123, 'Nelsons Plains'),
(761, 123, 'Osterley'),
(762, 123, 'Raymond Terrace'),
(763, 123, 'Seaham'),
(764, 123, 'Tomago'),
(765, 123, 'Wallalong'),
(766, 123, 'Brandy Hill'),
(767, 124, 'Berkshire Park'),
(768, 124, 'Bligh Park'),
(769, 124, 'Clarendon'),
(770, 124, 'Hobartville'),
(771, 124, 'Londonderry'),
(772, 124, 'Richmond'),
(773, 124, 'Richmond Lowlands'),
(774, 124, 'South Windsor'),
(775, 124, 'Windsor'),
(776, 124, 'Windsor Downs'),
(777, 124, 'Agnes Banks'),
(778, 125, 'Oakville'),
(779, 125, 'Riverstone'),
(780, 125, 'Schofields'),
(781, 125, 'Vineyard'),
(782, 125, 'Marsden Park'),
(783, 126, 'Banksia'),
(784, 126, 'Bardwell Park'),
(785, 126, 'Bardwell Valley'),
(786, 126, 'Bexley'),
(787, 126, 'Brighton-le-Sands'),
(788, 126, 'Eastlakes'),
(789, 126, 'Kyeemagh'),
(790, 126, 'Mascot'),
(791, 126, 'Rockdale'),
(792, 126, 'Rosebery'),
(793, 126, 'Turrella'),
(794, 126, 'Wolli Creek'),
(795, 126, 'Arncliffe'),
(796, 127, 'Denistone East'),
(797, 127, 'East Ryde'),
(798, 127, 'Macquarie Park'),
(799, 127, 'Marsfield'),
(800, 127, 'Meadowbank'),
(801, 127, 'North Ryde'),
(802, 127, 'Putney'),
(803, 127, 'Ryde'),
(804, 127, 'West Ryde'),
(805, 127, 'Denistone'),
(806, 128, 'Boambee East'),
(807, 128, 'Sawtell'),
(808, 128, 'Toormina'),
(809, 128, 'Boambee'),
(810, 129, 'Barrack Point'),
(811, 129, 'Blackbutt'),
(812, 129, 'Flinders'),
(813, 129, 'Lake Illawarra'),
(814, 129, 'Mount Warrigal'),
(815, 129, 'Shell Cove'),
(816, 129, 'Shellharbour'),
(817, 129, 'Shellharbour City Centre'),
(818, 129, 'Warilla'),
(819, 129, 'Barrack Heights'),
(820, 130, 'Shoalhaven Heads'),
(821, 131, 'Glenridding'),
(822, 131, 'Hunterview'),
(823, 131, 'McDougalls Hill'),
(824, 131, 'Redbournberry'),
(825, 131, 'Singleton'),
(826, 131, 'Singleton Heights'),
(827, 131, 'Wattle Ponds'),
(828, 131, 'Darlington'),
(829, 132, 'Jerseyville'),
(830, 132, 'South West Rocks'),
(831, 132, 'Arakoon'),
(832, 133, 'Bream Beach'),
(833, 133, 'Erowal Bay'),
(834, 133, 'Huskisson'),
(835, 133, 'Hyams Beach'),
(836, 133, 'Old Erowal Bay'),
(837, 133, 'Sanctuary Point'),
(838, 133, 'St Georges Basin'),
(839, 133, 'Vincentia'),
(840, 133, 'Worrowing Heights'),
(841, 133, 'Basin View'),
(842, 134, 'Greenwich'),
(843, 134, 'Naremburn'),
(844, 134, 'St Leonards'),
(845, 134, 'Wollstonecraft'),
(846, 134, 'Crows Nest'),
(847, 135, 'Cudmirrah'),
(848, 135, 'Sussex Inlet'),
(849, 135, 'Berrara'),
(850, 136, 'Emu Heights'),
(851, 136, 'Emu Plains'),
(852, 136, 'Faulconbridge'),
(853, 136, 'Glenbrook'),
(854, 136, 'Lapstone'),
(855, 136, 'Leonay'),
(856, 136, 'Linden'),
(857, 136, 'Mount Riverview'),
(858, 136, 'Springwood'),
(859, 136, 'Valley Heights'),
(860, 136, 'Warrimoo'),
(861, 136, 'Winmalee'),
(862, 136, 'Yellow Rock'),
(863, 136, 'Blaxland'),
(864, 137, 'Buxton'),
(865, 137, 'Picton'),
(866, 137, 'Tahmoor'),
(867, 137, 'Thirlmere'),
(868, 137, 'Bargo'),
(869, 138, 'East Tamworth'),
(870, 138, 'Hillvue'),
(871, 138, 'Kingswood'),
(872, 138, 'Nemingha'),
(873, 138, 'North Tamworth'),
(874, 138, 'Oxley Vale'),
(875, 138, 'South Tamworth'),
(876, 138, 'Taminda'),
(877, 138, 'Tamworth'),
(878, 138, 'West Tamworth'),
(879, 138, 'Westdale'),
(880, 138, 'Calala'),
(881, 139, 'Taree'),
(882, 139, 'Tinonee'),
(883, 139, 'Wingham'),
(884, 139, 'Cundletown'),
(885, 140, 'Chisholm'),
(886, 140, 'Duckenfield'),
(887, 140, 'Hexham'),
(888, 140, 'Tarro'),
(889, 140, 'Thornton'),
(890, 140, 'Woodberry'),
(891, 140, 'Beresfield'),
(892, 141, 'Bensville'),
(893, 141, 'Bouddi'),
(894, 141, 'Copacabana'),
(895, 141, 'Forresters Beach'),
(896, 141, 'Kincumber'),
(897, 141, 'Kincumber South'),
(898, 141, 'Macmasters Beach'),
(899, 141, 'North Avoca'),
(900, 141, 'Picketts Valley'),
(901, 141, 'Terrigal'),
(902, 141, 'Wamberal'),
(903, 141, 'Avoca Beach'),
(904, 142, 'Oakdale'),
(905, 142, 'The Oaks'),
(906, 142, 'Belimbla Park'),
(907, 143, 'The Rock'),
(908, 144, 'Tocumwal'),
(909, 145, 'Tumbarumba'),
(910, 146, 'Tumut'),
(911, 147, 'Tuross Head'),
(912, 147, 'Bodalla'),
(913, 148, 'Dolphin Point'),
(914, 148, 'Kings Point'),
(915, 148, 'Milton'),
(916, 148, 'Mollymook'),
(917, 148, 'Mollymook Beach'),
(918, 148, 'Narrawallee'),
(919, 148, 'Ulladulla'),
(920, 148, 'Burrill Lake'),
(921, 149, 'Uralla'),
(922, 150, 'Raleigh'),
(923, 150, 'Repton'),
(924, 150, 'Urunga'),
(925, 150, 'Mylestom'),
(926, 151, 'Bomen'),
(927, 151, 'Boorooma'),
(928, 151, 'Cartwrights Hill'),
(929, 151, 'Charles Sturt University'),
(930, 151, 'East Wagga Wagga'),
(931, 151, 'Estella'),
(932, 151, 'Forest Hill'),
(933, 151, 'Glenfield Park'),
(934, 151, 'Gumly Gumly'),
(935, 151, 'Kooringal'),
(936, 151, 'Lloyd'),
(937, 151, 'Moorong'),
(938, 151, 'Mount Austin'),
(939, 151, 'North Wagga Wagga'),
(940, 151, 'Turvey Park'),
(941, 151, 'Wagga Wagga'),
(942, 151, 'Ashmont'),
(943, 152, 'Walcha'),
(944, 153, 'Fullerton Cove'),
(945, 153, 'Kooragang'),
(946, 153, 'Stockton'),
(947, 153, 'Williamtown'),
(948, 153, 'Fern Bay'),
(949, 154, 'Gwynneville'),
(950, 154, 'Keiraville'),
(951, 154, 'Mangerton'),
(952, 154, 'Mount Keira'),
(953, 154, 'Mount Ousley'),
(954, 154, 'Mount Saint Thomas'),
(955, 154, 'North Wollongong'),
(956, 154, 'West Wollongong'),
(957, 154, 'Wollongong'),
(958, 154, 'Coniston'),
(959, 155, 'Woodburn'),
(960, 156, 'Arrawarra Headland'),
(961, 156, 'Corindi Beach'),
(962, 156, 'Emerald Beach'),
(963, 156, 'Moonee Beach'),
(964, 156, 'Mullaway'),
(965, 156, 'Safety Beach'),
(966, 156, 'Sandy Beach'),
(967, 156, 'Woolgoolga'),
(968, 156, 'Arrawarra'),
(969, 157, 'Blackwall'),
(970, 157, 'Booker Bay'),
(971, 157, 'Box Head'),
(972, 157, 'Daleys Point'),
(973, 157, 'Davistown'),
(974, 157, 'Empire Bay'),
(975, 157, 'Ettalong Beach'),
(976, 157, 'Green Point'),
(977, 157, 'Horsfield Bay'),
(978, 157, 'Killcare'),
(979, 157, 'Killcare Heights'),
(980, 157, 'Kincumber'),
(981, 157, 'Koolewong'),
(982, 157, 'Patonga'),
(983, 157, 'Pearl Beach'),
(984, 157, 'Phegans Bay'),
(985, 157, 'Pretty Beach'),
(986, 157, 'Saratoga'),
(987, 157, 'St Huberts Island'),
(988, 157, 'Umina Beach'),
(989, 157, 'Wagstaffe'),
(990, 157, 'Woy Woy'),
(991, 158, 'Mardi'),
(992, 158, 'Rocky Point'),
(993, 158, 'Tacoma'),
(994, 158, 'Tacoma South'),
(995, 158, 'Tuggerah'),
(996, 158, 'Wadalba'),
(997, 158, 'Watanobbi'),
(998, 158, 'Wyong'),
(999, 158, 'Jilliby'),
(1000, 159, 'Iluka'),
(1001, 159, 'Wooloweyah'),
(1002, 159, 'Yamba'),
(1003, 159, 'Angourie'),
(1004, 160, 'Yass'),
(1005, 161, 'Araluen'),
(1006, 161, 'Braitling'),
(1007, 161, 'Ciccone'),
(1008, 161, 'Desert Springs'),
(1009, 161, 'East Side'),
(1010, 161, 'Flynn'),
(1011, 161, 'Gillen'),
(1012, 161, 'Larapinta'),
(1013, 161, 'Mount Johns'),
(1014, 161, 'Ross'),
(1015, 161, 'Sadadeen'),
(1016, 161, 'Stuart'),
(1017, 161, 'The Gap'),
(1018, 161, 'Alice Springs'),
(1019, 162, 'Coonawarra'),
(1020, 162, 'Knuckey Lagoon'),
(1021, 162, 'Pinelands'),
(1022, 162, 'Winnellie'),
(1023, 162, 'Berrimah'),
(1024, 163, 'Anula'),
(1025, 163, 'Brinkin'),
(1026, 163, 'Casuarina'),
(1027, 163, 'Jingili'),
(1028, 163, 'Karama'),
(1029, 163, 'Leanyer'),
(1030, 163, 'Lyons'),
(1031, 163, 'Malak'),
(1032, 163, 'Marrara'),
(1033, 163, 'Moil'),
(1034, 163, 'Nakara'),
(1035, 163, 'Tiwi'),
(1036, 163, 'Wagaman'),
(1037, 163, 'Wanguri'),
(1038, 163, 'Wulagi'),
(1039, 163, 'Alawa'),
(1040, 164, 'Darwin City'),
(1041, 164, 'East Point'),
(1042, 164, 'Eaton'),
(1043, 164, 'Fannie Bay'),
(1044, 164, 'Larrakeyah'),
(1045, 164, 'Ludmilla'),
(1046, 164, 'Parap'),
(1047, 164, 'Stuart Park'),
(1048, 164, 'The Gardens'),
(1049, 164, 'The Narrows'),
(1050, 164, 'Woolner'),
(1051, 164, 'Bayview'),
(1052, 165, 'Driver'),
(1053, 165, 'Durack'),
(1054, 165, 'Farrar'),
(1055, 165, 'Girraween'),
(1056, 165, 'Gray'),
(1057, 165, 'Gunn'),
(1058, 165, 'Howard Springs'),
(1059, 165, 'Marlow Lagoon'),
(1060, 165, 'Mitchell'),
(1061, 165, 'Moulden'),
(1062, 165, 'Palmerston City'),
(1063, 165, 'Rosebery'),
(1064, 165, 'Virginia'),
(1065, 165, 'Woodroffe'),
(1066, 165, 'Yarrawonga'),
(1067, 165, 'Bakewell'),
(1068, 166, 'Emungalan'),
(1069, 166, 'Katherine'),
(1070, 166, 'Katherine East'),
(1071, 166, 'Katherine South'),
(1072, 166, 'Uralla'),
(1073, 166, 'Cossack'),
(1074, 167, 'Nhulunbuy'),
(1075, 168, 'Millner'),
(1076, 168, 'Nightcliff'),
(1077, 168, 'Rapid Creek'),
(1078, 168, 'Coconut Grove'),
(1079, 169, 'Girraween'),
(1080, 169, 'Herbert'),
(1081, 169, 'Humpty Doo'),
(1082, 169, 'McMinns Lagoon'),
(1083, 169, 'Bees Creek'),
(1084, 170, 'Tennant Creek'),
(1085, 171, 'Calamvale'),
(1086, 171, 'Coopers Plains'),
(1087, 171, 'Drewvale'),
(1088, 171, 'Karawatha'),
(1089, 171, 'Kuraby'),
(1090, 171, 'Larapinta'),
(1091, 171, 'Parkinson'),
(1092, 171, 'Robertson'),
(1093, 171, 'Runcorn'),
(1094, 171, 'Stretton'),
(1095, 171, 'Sunnybank'),
(1096, 171, 'Sunnybank Hills'),
(1097, 171, 'Willawong'),
(1098, 171, 'Algester'),
(1099, 172, 'Agnes Water'),
(1100, 173, 'Cannonvale'),
(1101, 173, 'Jubilee Pocket'),
(1102, 173, 'Mandalay'),
(1103, 173, 'Airlie Beach'),
(1104, 174, 'Bunya'),
(1105, 174, 'Clear Mountain'),
(1106, 174, 'Eatons Hill'),
(1107, 174, 'Albany Creek'),
(1108, 175, 'Eagle Farm'),
(1109, 175, 'Hamilton'),
(1110, 175, 'Hendra'),
(1111, 175, 'Pinkenba'),
(1112, 175, 'Ascot'),
(1113, 176, 'Benowa'),
(1114, 176, 'Bundall'),
(1115, 176, 'Gaven'),
(1116, 176, 'Molendinar'),
(1117, 176, 'Nerang'),
(1118, 176, 'Ashmore'),
(1119, 177, 'Boondall'),
(1120, 177, 'Bridgeman Downs'),
(1121, 177, 'Carseldine'),
(1122, 177, 'Fitzgibbon'),
(1123, 177, 'Geebung'),
(1124, 177, 'Taigum'),
(1125, 177, 'Virginia'),
(1126, 177, 'Zillmere'),
(1127, 177, 'Aspley'),
(1128, 178, 'Branyan'),
(1129, 178, 'Kensington'),
(1130, 178, 'Millbank'),
(1131, 178, 'Avoca'),
(1132, 179, 'Brandon'),
(1133, 179, 'Home Hill'),
(1134, 179, 'Ayr'),
(1135, 180, 'Babinda'),
(1136, 181, 'Beerwah'),
(1137, 181, 'Glass House Mountains'),
(1138, 181, 'Peachester'),
(1139, 181, 'Beerburrum'),
(1140, 182, 'Curra'),
(1141, 183, 'Diddillibah'),
(1142, 183, 'Kiels Mountain'),
(1143, 183, 'Marcoola'),
(1144, 183, 'Maroochy River'),
(1145, 183, 'Mudjimba'),
(1146, 183, 'Pacific Paradise'),
(1147, 183, 'Rosemount'),
(1148, 183, 'Twin Waters'),
(1149, 183, 'Bli Bli'),
(1150, 184, 'Dundowran'),
(1151, 184, 'Dundowran Beach'),
(1152, 184, 'Eli Waters'),
(1153, 184, 'Kawungan'),
(1154, 184, 'Nikenbah'),
(1155, 184, 'Pialba'),
(1156, 184, 'Point Vernon'),
(1157, 184, 'Scarness'),
(1158, 184, 'Toogoom'),
(1159, 184, 'Torquay'),
(1160, 184, 'Urraween'),
(1161, 184, 'Wondunna'),
(1162, 184, 'Craignish'),
(1163, 185, 'Bowen'),
(1164, 186, 'Tannum Sands'),
(1165, 186, 'Boyne Island'),
(1166, 187, 'Moores Pocket'),
(1167, 187, 'North Ipswich'),
(1168, 187, 'Pine Mountain'),
(1169, 187, 'Tivoli'),
(1170, 187, 'Brassall'),
(1171, 188, 'Bellara'),
(1172, 188, 'Bongaree'),
(1173, 188, 'Welsby'),
(1174, 188, 'White Patch'),
(1175, 188, 'Woorim'),
(1176, 188, 'Banksia Beach'),
(1177, 189, 'Avenell Heights'),
(1178, 189, 'Bundaberg Central'),
(1179, 189, 'Bundaberg East'),
(1180, 189, 'Bundaberg North'),
(1181, 189, 'Bundaberg South'),
(1182, 189, 'Bundaberg West'),
(1183, 189, 'Gooburrum'),
(1184, 189, 'Kalkie'),
(1185, 189, 'Kensington'),
(1186, 189, 'Kepnock'),
(1187, 189, 'Norville'),
(1188, 189, 'Rubyanna'),
(1189, 189, 'Svensson Heights'),
(1190, 189, 'Thabeban'),
(1191, 189, 'Walkervale'),
(1192, 189, 'Ashfield'),
(1193, 190, 'Booval'),
(1194, 190, 'Bundamba'),
(1195, 190, 'Collingwood Park'),
(1196, 190, 'Dinmore'),
(1197, 190, 'Ebbw Vale'),
(1198, 190, 'Flinders View'),
(1199, 190, 'New Chum'),
(1200, 190, 'North Booval'),
(1201, 190, 'Raceview'),
(1202, 190, 'Redbank'),
(1203, 190, 'Ripley'),
(1204, 190, 'Riverview'),
(1205, 190, 'Silkstone'),
(1206, 190, 'Blackstone'),
(1207, 191, 'Burleigh Waters'),
(1208, 191, 'Miami'),
(1209, 191, 'Palm Beach'),
(1210, 191, 'Varsity Lakes'),
(1211, 191, 'Burleigh Heads'),
(1212, 192, 'Burrum Heads'),
(1213, 193, 'Caboolture'),
(1214, 193, 'Caboolture South'),
(1215, 193, 'Elimbah'),
(1216, 193, 'Upper Caboolture'),
(1217, 193, 'Bellmere'),
(1218, 194, 'Cairns City'),
(1219, 194, 'Cairns North'),
(1220, 194, 'Manunda'),
(1221, 194, 'Parramatta Park'),
(1222, 194, 'Portsmith'),
(1223, 194, 'Westcourt'),
(1224, 194, 'Bungalow'),
(1225, 195, 'Clifton Beach'),
(1226, 195, 'Kewarra Beach'),
(1227, 195, 'Palm Cove'),
(1228, 195, 'Smithfield'),
(1229, 195, 'Trinity Beach'),
(1230, 195, 'Trinity Park'),
(1231, 195, 'Yorkeys Knob'),
(1232, 195, 'Caravonica'),
(1233, 196, 'Hodgson Vale'),
(1234, 196, 'Mount Rascal'),
(1235, 196, 'Preston'),
(1236, 196, 'Top Camp'),
(1237, 196, 'Vale View'),
(1238, 196, 'Wyreema'),
(1239, 196, 'Cambooya'),
(1240, 197, 'Bulimba'),
(1241, 197, 'Camp Hill'),
(1242, 197, 'Cannon Hill'),
(1243, 197, 'Carina'),
(1244, 197, 'Carina Heights'),
(1245, 197, 'Carindale'),
(1246, 197, 'Hawthorne'),
(1247, 197, 'Morningside'),
(1248, 197, 'Norman Park'),
(1249, 197, 'Seven Hills'),
(1250, 197, 'Balmoral'),
(1251, 198, 'Cardwell'),
(1252, 199, 'Chermside'),
(1253, 199, 'Chermside West'),
(1254, 199, 'Everton Hills'),
(1255, 199, 'Kedron'),
(1256, 199, 'McDowall'),
(1257, 199, 'Stafford Heights'),
(1258, 199, 'Bridgeman Downs'),
(1259, 200, 'Childers'),
(1260, 201, 'Scottville'),
(1261, 201, 'Collinsville'),
(1262, 202, 'Cooktown'),
(1263, 203, 'Marcoola'),
(1264, 203, 'Marcus Beach'),
(1265, 203, 'Mount Coolum'),
(1266, 203, 'Peregian Beach'),
(1267, 203, 'Peregian Springs'),
(1268, 203, 'Point Arkwright'),
(1269, 203, 'Yandina Creek'),
(1270, 203, 'Yaroomba'),
(1271, 203, 'Coolum Beach'),
(1272, 204, 'Coominya'),
(1273, 204, 'Fairney View'),
(1274, 204, 'Fernvale'),
(1275, 204, 'Lowood'),
(1276, 204, 'Patrick Estate'),
(1277, 204, 'Tarampa'),
(1278, 204, 'Wivenhoe Pocket'),
(1279, 204, 'Clarendon'),
(1280, 205, 'Greenslopes'),
(1281, 205, 'Holland Park'),
(1282, 205, 'Holland Park West'),
(1283, 205, 'Coorparoo'),
(1284, 206, 'Crows Nest'),
(1285, 207, 'Dayboro'),
(1286, 208, 'Burdell'),
(1287, 208, 'Bushland Beach'),
(1288, 208, 'Deeragun'),
(1289, 208, 'Jensen'),
(1290, 208, 'Mount Low'),
(1291, 208, 'Yabulu'),
(1292, 208, 'Black River'),
(1293, 209, 'Bayview Heights'),
(1294, 209, 'Brinsmead'),
(1295, 209, 'Earlville'),
(1296, 209, 'Edge Hill'),
(1297, 209, 'Kanimbla'),
(1298, 209, 'Manoora'),
(1299, 209, 'Manunda'),
(1300, 209, 'Mooroobool'),
(1301, 209, 'Whitfield'),
(1302, 209, 'Woree'),
(1303, 209, 'Aeroglen'),
(1304, 210, 'Edmonton'),
(1305, 210, 'Mount Sheridan'),
(1306, 210, 'White Rock'),
(1307, 210, 'Bentley Park'),
(1308, 211, 'Eight Mile Plains'),
(1309, 211, 'Kuraby'),
(1310, 211, 'Priestdale'),
(1311, 211, 'Rochedale'),
(1312, 211, 'Rochedale South'),
(1313, 211, 'Runcorn'),
(1314, 211, 'Underwood'),
(1315, 211, 'Burbank'),
(1316, 212, 'Mapleton'),
(1317, 213, 'Frenchville'),
(1318, 213, 'Kawana'),
(1319, 213, 'Koongal'),
(1320, 213, 'Lakes Creek'),
(1321, 213, 'Limestone Creek'),
(1322, 213, 'Mount Archer'),
(1323, 213, 'Nerimbera'),
(1324, 213, 'Norman Gardens'),
(1325, 213, 'Park Avenue'),
(1326, 213, 'Berserker'),
(1327, 214, 'Freshwater'),
(1328, 214, 'Holloways Beach'),
(1329, 214, 'Kamerunga'),
(1330, 214, 'Machans Beach'),
(1331, 214, 'Redlynch'),
(1332, 214, 'Stratford'),
(1333, 214, 'Brinsmead'),
(1334, 215, 'Bellbird Park'),
(1335, 215, 'Carole Park'),
(1336, 215, 'Collingwood Park'),
(1337, 215, 'Ellen Grove'),
(1338, 215, 'Gailes'),
(1339, 215, 'Goodna'),
(1340, 215, 'Redbank'),
(1341, 215, 'Redbank Plains'),
(1342, 215, 'Wacol'),
(1343, 215, 'Augustine Heights'),
(1344, 216, 'Gordonvale'),
(1345, 216, 'Goldsborough'),
(1346, 217, 'Cranbrook'),
(1347, 217, 'Currajong'),
(1348, 217, 'Gulliver'),
(1349, 217, 'Heatley'),
(1350, 217, 'Kirwan'),
(1351, 217, 'Mundingburra'),
(1352, 217, 'Mysterton'),
(1353, 217, 'Pimlico'),
(1354, 217, 'Thuringowa Central'),
(1355, 217, 'Vincent'),
(1356, 217, 'Aitkenvale'),
(1357, 218, 'Gympie'),
(1358, 218, 'Jones Hill'),
(1359, 218, 'Monkland'),
(1360, 218, 'Southside'),
(1361, 218, 'Victory Heights'),
(1362, 218, 'Araluen'),
(1363, 219, 'Hay Point'),
(1364, 220, 'Seaforth'),
(1365, 220, 'Ball Bay'),
(1366, 221, 'Herberton'),
(1367, 222, 'Cabarlah'),
(1368, 222, 'Highfields'),
(1369, 222, 'Kleinton'),
(1370, 222, 'Meringandan'),
(1371, 222, 'Meringandan West'),
(1372, 222, 'Blue Mountain Heights'),
(1373, 223, 'Torbanlea'),
(1374, 223, 'Howard'),
(1375, 224, 'Ingham'),
(1376, 225, 'Coconuts'),
(1377, 225, 'Cullinane'),
(1378, 225, 'East Innisfail'),
(1379, 225, 'Flying Fish Point'),
(1380, 225, 'Goondi Bend'),
(1381, 225, 'Goondi Hill'),
(1382, 225, 'Hudson'),
(1383, 225, 'Innisfail'),
(1384, 225, 'Innisfail Estate'),
(1385, 225, 'Mighell'),
(1386, 225, 'Mourilyan'),
(1387, 225, 'Mundoo'),
(1388, 225, 'South Innisfail'),
(1389, 225, 'South Johnstone'),
(1390, 225, 'Wangan'),
(1391, 225, 'Webb'),
(1392, 225, 'Belvedere'),
(1393, 226, 'Basin Pocket'),
(1394, 226, 'Churchill'),
(1395, 226, 'Coalfalls'),
(1396, 226, 'Deebing Heights'),
(1397, 226, 'East Ipswich'),
(1398, 226, 'Eastern Heights'),
(1399, 226, 'Ipswich'),
(1400, 226, 'Karrabin'),
(1401, 226, 'Leichhardt'),
(1402, 226, 'Newtown'),
(1403, 226, 'One Mile'),
(1404, 226, 'Raceview'),
(1405, 226, 'Sadliers Crossing'),
(1406, 226, 'Silkstone'),
(1407, 226, 'West Ipswich'),
(1408, 226, 'Willowbank'),
(1409, 226, 'Woodend'),
(1410, 226, 'Wulkuraka'),
(1411, 226, 'Yamanto'),
(1412, 226, 'Amberley'),
(1413, 227, 'Griffin'),
(1414, 227, 'Kallangur'),
(1415, 227, 'Kurwongbah'),
(1416, 227, 'Mango Hill'),
(1417, 227, 'Murrumba Downs'),
(1418, 227, 'North Lakes'),
(1419, 227, 'Petrie'),
(1420, 227, 'Whiteside'),
(1421, 227, 'Dakabin'),
(1422, 228, 'Kingsthorpe'),
(1423, 229, 'Barmaryee'),
(1424, 229, 'Cooee Bay'),
(1425, 229, 'Hidden Valley'),
(1426, 229, 'Inverness'),
(1427, 229, 'Lammermoor'),
(1428, 229, 'Meikleville Hill'),
(1429, 229, 'Pacific Heights'),
(1430, 229, 'Rosslyn'),
(1431, 229, 'Taranganba'),
(1432, 229, 'Taroomball'),
(1433, 229, 'Yeppoon'),
(1434, 229, 'Barlows Hill'),
(1435, 230, 'Landsborough'),
(1436, 231, 'East Mackay'),
(1437, 231, 'Mackay'),
(1438, 231, 'Ooralea'),
(1439, 231, 'Paget'),
(1440, 231, 'South Mackay'),
(1441, 231, 'West Mackay'),
(1442, 231, 'Bakers Creek'),
(1443, 232, 'Malanda'),
(1444, 233, 'Maleny'),
(1445, 234, 'Hatton Vale'),
(1446, 234, 'Kensington Grove'),
(1447, 234, 'Lockrose'),
(1448, 234, 'Marburg'),
(1449, 234, 'Minden'),
(1450, 234, 'Plainland'),
(1451, 234, 'Regency Downs'),
(1452, 234, 'Summerholm'),
(1453, 234, 'Brightview'),
(1454, 235, 'Mareeba'),
(1455, 236, 'Kuluin'),
(1456, 236, 'Maroochydore'),
(1457, 236, 'Alexandra Headland'),
(1458, 237, 'Bidwill'),
(1459, 237, 'Granville'),
(1460, 237, 'Maryborough'),
(1461, 237, 'Maryborough West'),
(1462, 237, 'Oakhurst'),
(1463, 237, 'Tinana'),
(1464, 237, 'Aldershot'),
(1465, 238, 'Clear Island Waters'),
(1466, 238, 'Mermaid Beach'),
(1467, 238, 'Mermaid Waters'),
(1468, 238, 'Miami'),
(1469, 238, 'Broadbeach'),
(1470, 239, 'Mirani'),
(1471, 239, 'Marian'),
(1472, 240, 'Mission Beach'),
(1473, 240, 'South Mission Beach'),
(1474, 240, 'Wongaling Beach'),
(1475, 240, 'Bingil Bay'),
(1476, 241, 'Cooya Beach'),
(1477, 241, 'Mossman'),
(1478, 241, 'Bonnie Doon'),
(1479, 242, 'Mount Morgan'),
(1480, 242, 'Baree'),
(1481, 243, 'Murgon'),
(1482, 244, 'Coes Creek'),
(1483, 244, 'Highworth'),
(1484, 244, 'Image Flat'),
(1485, 244, 'Nambour'),
(1486, 244, 'Parklands'),
(1487, 244, 'Rosemount'),
(1488, 244, 'Towen Mountain'),
(1489, 244, 'West Woombye'),
(1490, 244, 'Woombye'),
(1491, 244, 'Burnside'),
(1492, 245, 'Cranley'),
(1493, 245, 'Darling Heights'),
(1494, 245, 'Drayton'),
(1495, 245, 'Glenvale'),
(1496, 245, 'Gowrie Junction'),
(1497, 245, 'Harristown'),
(1498, 245, 'Newtown'),
(1499, 245, 'Rockville'),
(1500, 245, 'Toowoomba City'),
(1501, 245, 'Torrington'),
(1502, 245, 'Westbrook'),
(1503, 245, 'Wilsonton'),
(1504, 245, 'Wilsonton Heights'),
(1505, 245, 'Cotswold Hills'),
(1506, 246, 'Godwin Beach'),
(1507, 246, 'Ningi'),
(1508, 246, 'Sandstone Point'),
(1509, 246, 'Beachmere'),
(1510, 247, 'Moore Park Beach'),
(1511, 248, 'Northgate'),
(1512, 248, 'Nudgee'),
(1513, 248, 'Nudgee Beach'),
(1514, 248, 'Nundah'),
(1515, 248, 'Virginia'),
(1516, 248, 'Wavell Heights'),
(1517, 248, 'Banyo'),
(1518, 249, 'Oakey'),
(1519, 249, 'Jondaryan'),
(1520, 250, 'Parkhurst'),
(1521, 250, 'Rockyview'),
(1522, 250, 'Glenlee'),
(1523, 251, 'Proserpine'),
(1524, 252, 'Rainbow Beach'),
(1525, 253, 'Ravenshoe'),
(1526, 254, 'Mount Cotton'),
(1527, 254, 'Redland Bay'),
(1528, 254, 'Carbrook'),
(1529, 255, 'Berserker'),
(1530, 255, 'Depot Hill'),
(1531, 255, 'Kawana'),
(1532, 255, 'Park Avenue'),
(1533, 255, 'Port Curtis'),
(1534, 255, 'Rockhampton City'),
(1535, 255, 'The Range'),
(1536, 255, 'Wandal'),
(1537, 255, 'West Rockhampton'),
(1538, 255, 'Allenstown'),
(1539, 256, 'Balgal Beach'),
(1540, 257, 'Rosewood'),
(1541, 257, 'Thagoona'),
(1542, 257, 'Walloon'),
(1543, 257, 'Calvert'),
(1544, 258, 'Archerfield'),
(1545, 258, 'Coopers Plains'),
(1546, 258, 'Nathan'),
(1547, 258, 'Rocklea'),
(1548, 258, 'Salisbury'),
(1549, 258, 'Acacia Ridge'),
(1550, 259, 'Freshwater Point'),
(1551, 259, 'Sarina'),
(1552, 259, 'Armstrong Beach'),
(1553, 260, 'Chelmer'),
(1554, 260, 'Corinda'),
(1555, 260, 'Fairfield'),
(1556, 260, 'Graceville'),
(1557, 260, 'Moorooka'),
(1558, 260, 'Oxley'),
(1559, 260, 'Sherwood'),
(1560, 260, 'Tarragindi'),
(1561, 260, 'Tennyson'),
(1562, 260, 'Yeerongpilly'),
(1563, 260, 'Yeronga'),
(1564, 260, 'Annerley'),
(1565, 261, 'Karawatha'),
(1566, 261, 'Kingston'),
(1567, 261, 'Logan Central'),
(1568, 261, 'Slacks Creek'),
(1569, 261, 'Springwood'),
(1570, 261, 'Woodridge'),
(1571, 261, 'Daisy Hill'),
(1572, 262, 'Main Beach'),
(1573, 262, 'Southport'),
(1574, 262, 'Labrador'),
(1575, 263, 'Brookwater'),
(1576, 263, 'Camira'),
(1577, 263, 'Spring Mountain'),
(1578, 263, 'Springfield'),
(1579, 263, 'Springfield Central'),
(1580, 263, 'Springfield Lakes'),
(1581, 263, 'Augustine Heights'),
(1582, 264, 'Battery Hill'),
(1583, 264, 'Bells Creek'),
(1584, 264, 'Caloundra'),
(1585, 264, 'Caloundra West'),
(1586, 264, 'Currimundi'),
(1587, 264, 'Dicky Beach'),
(1588, 264, 'Golden Beach'),
(1589, 264, 'Kings Beach'),
(1590, 264, 'Little Mountain'),
(1591, 264, 'Meridan Plains'),
(1592, 264, 'Moffat Beach'),
(1593, 264, 'Pelican Waters'),
(1594, 264, 'Shelly Beach'),
(1595, 264, 'Aroona'),
(1596, 265, 'Cooroibah'),
(1597, 265, 'Doonan'),
(1598, 265, 'Noosa Heads'),
(1599, 265, 'Noosaville'),
(1600, 265, 'Sunrise Beach'),
(1601, 265, 'Sunshine Beach'),
(1602, 265, 'Tewantin'),
(1603, 265, 'Tinbeerwah'),
(1604, 265, 'Weyba Downs'),
(1605, 265, 'Castaways Beach'),
(1606, 266, 'Surfers Paradise'),
(1607, 266, 'Broadbeach Waters'),
(1608, 267, 'Tin Can Bay'),
(1609, 267, 'Cooloola Cove'),
(1610, 268, 'Meldale'),
(1611, 268, 'Toorbul'),
(1612, 268, 'Donnybrook'),
(1613, 269, 'Indooroopilly'),
(1614, 269, 'Mount Coot-tha'),
(1615, 269, 'St Lucia'),
(1616, 269, 'Taringa'),
(1617, 269, 'Toowong'),
(1618, 269, 'Auchenflower'),
(1619, 270, 'Darling Heights'),
(1620, 270, 'East Toowoomba'),
(1621, 270, 'Harlaxton'),
(1622, 270, 'Kearneys Spring'),
(1623, 270, 'Middle Ridge'),
(1624, 270, 'Mount Kynoch'),
(1625, 270, 'Mount Lofty'),
(1626, 270, 'North Toowoomba'),
(1627, 270, 'Prince Henry Heights'),
(1628, 270, 'Rangeville'),
(1629, 270, 'Redwood'),
(1630, 270, 'South Toowoomba'),
(1631, 270, 'Toowoomba City'),
(1632, 270, 'Withcott'),
(1633, 270, 'Centenary Heights'),
(1634, 271, 'Bohle'),
(1635, 271, 'Castle Hill'),
(1636, 271, 'Garbutt'),
(1637, 271, 'Hermit Park'),
(1638, 271, 'Hyde Park'),
(1639, 271, 'Mount Louisa'),
(1640, 271, 'North Ward'),
(1641, 271, 'Pallarenda'),
(1642, 271, 'Pimlico'),
(1643, 271, 'Railway Estate'),
(1644, 271, 'Rosslea'),
(1645, 271, 'Rowes Bay'),
(1646, 271, 'South Townsville'),
(1647, 271, 'Town Common'),
(1648, 271, 'Townsville City'),
(1649, 271, 'West End'),
(1650, 271, 'Belgian Gardens'),
(1651, 272, 'Tully'),
(1652, 273, 'Wondai'),
(1653, 274, 'Wonga'),
(1654, 275, 'Delaneys Creek'),
(1655, 275, 'Woodford'),
(1656, 275, 'D''Aguilar'),
(1657, 276, 'Woodgate'),
(1658, 277, 'Dutton Park'),
(1659, 277, 'East Brisbane'),
(1660, 277, 'Fairfield'),
(1661, 277, 'Highgate Hill'),
(1662, 277, 'Kangaroo Point'),
(1663, 277, 'South Brisbane'),
(1664, 277, 'West End'),
(1665, 277, 'Woolloongabba'),
(1666, 277, 'Annerley'),
(1667, 278, 'Birtinya'),
(1668, 278, 'Bokarina'),
(1669, 278, 'Buddina'),
(1670, 278, 'Currimundi'),
(1671, 278, 'Meridan Plains'),
(1672, 278, 'Minyama'),
(1673, 278, 'Mooloolaba'),
(1674, 278, 'Mountain Creek'),
(1675, 278, 'Parrearra'),
(1676, 278, 'Warana'),
(1677, 278, 'Wurtulla'),
(1678, 278, 'Alexandra Headland'),
(1679, 279, 'Aldinga Beach'),
(1680, 279, 'Port Willunga'),
(1681, 279, 'Sellicks Beach'),
(1682, 279, 'Willunga'),
(1683, 279, 'Aldinga'),
(1684, 280, 'Tiddy Widdy Beach'),
(1685, 280, 'Ardrossan'),
(1686, 281, 'Balaklava'),
(1687, 282, 'Barmera'),
(1688, 283, 'Beachport'),
(1689, 284, 'Berri'),
(1690, 285, 'Gumeracha'),
(1691, 285, 'Mount Torrens'),
(1692, 285, 'Birdwood'),
(1693, 286, 'Bordertown'),
(1694, 287, 'Darlington'),
(1695, 287, 'Dover Gardens'),
(1696, 287, 'Hove'),
(1697, 287, 'Kingston Park'),
(1698, 287, 'Marino'),
(1699, 287, 'Marion'),
(1700, 287, 'North Brighton'),
(1701, 287, 'Oaklands Park'),
(1702, 287, 'Seacliff'),
(1703, 287, 'Seacliff Park'),
(1704, 287, 'Seacombe Gardens'),
(1705, 287, 'Seacombe Heights'),
(1706, 287, 'Seaview Downs'),
(1707, 287, 'South Brighton'),
(1708, 287, 'Sturt'),
(1709, 287, 'Warradale'),
(1710, 287, 'Brighton'),
(1711, 288, 'Burra'),
(1712, 289, 'Thevenard'),
(1713, 289, 'Ceduna'),
(1714, 290, 'Clare'),
(1715, 290, 'Armagh'),
(1716, 291, 'Cleve'),
(1717, 292, 'Cowell'),
(1718, 293, 'Crystal Brook'),
(1719, 294, 'Black Forest'),
(1720, 294, 'Clarence Gardens'),
(1721, 294, 'Clarence Park'),
(1722, 294, 'Cumberland Park'),
(1723, 294, 'Edwardstown'),
(1724, 294, 'Everard Park'),
(1725, 294, 'Forestville'),
(1726, 294, 'Glandore'),
(1727, 294, 'Keswick'),
(1728, 294, 'Kurralta Park'),
(1729, 294, 'Marleston'),
(1730, 294, 'Netley'),
(1731, 294, 'North Plympton'),
(1732, 294, 'Plympton'),
(1733, 294, 'Plympton Park'),
(1734, 294, 'South Plympton'),
(1735, 294, 'Ashford'),
(1736, 295, 'Craigmore'),
(1737, 295, 'Edinburgh'),
(1738, 295, 'Elizabeth'),
(1739, 295, 'Elizabeth Downs'),
(1740, 295, 'Elizabeth East'),
(1741, 295, 'Elizabeth Grove'),
(1742, 295, 'Elizabeth Park'),
(1743, 295, 'Elizabeth South'),
(1744, 295, 'Elizabeth Vale'),
(1745, 295, 'Elizabeth West'),
(1746, 295, 'Hillbank'),
(1747, 295, 'Paralowie'),
(1748, 295, 'Salisbury North'),
(1749, 295, 'Burton'),
(1750, 296, 'Mile End South'),
(1751, 296, 'North Adelaide'),
(1752, 296, 'Adelaide'),
(1753, 297, 'Freeling'),
(1754, 298, 'Concordia'),
(1755, 298, 'Evanston'),
(1756, 298, 'Evanston Gardens'),
(1757, 298, 'Evanston Park'),
(1758, 298, 'Gawler'),
(1759, 298, 'Gawler Belt'),
(1760, 298, 'Gawler East'),
(1761, 298, 'Gawler South'),
(1762, 298, 'Gawler West'),
(1763, 298, 'Hewett'),
(1764, 298, 'Hillier'),
(1765, 298, 'Kalbeeba'),
(1766, 298, 'Kudla'),
(1767, 298, 'Roseworthy'),
(1768, 298, 'Willaston'),
(1769, 298, 'Buchfelde'),
(1770, 299, 'Clearview'),
(1771, 299, 'Dry Creek'),
(1772, 299, 'Enfield'),
(1773, 299, 'Gepps Cross'),
(1774, 299, 'Ingle Farm'),
(1775, 299, 'Kilburn'),
(1776, 299, 'Mawson Lakes'),
(1777, 299, 'Northfield'),
(1778, 299, 'Para Hills West'),
(1779, 299, 'Pooraka'),
(1780, 299, 'Walkley Heights'),
(1781, 299, 'Wingfield'),
(1782, 299, 'Blair Athol'),
(1783, 300, 'Camden Park'),
(1784, 300, 'Glenelg'),
(1785, 300, 'Glenelg East'),
(1786, 300, 'Glenelg North'),
(1787, 300, 'Glenelg South'),
(1788, 300, 'Glengowrie'),
(1789, 300, 'Morphettville'),
(1790, 300, 'Novar Gardens'),
(1791, 300, 'Somerton Park'),
(1792, 300, 'Adelaide Airport'),
(1793, 301, 'Clarence Park'),
(1794, 301, 'Cumberland Park'),
(1795, 301, 'Eastwood'),
(1796, 301, 'Frewville'),
(1797, 301, 'Fullarton'),
(1798, 301, 'Glen Osmond'),
(1799, 301, 'Glenside'),
(1800, 301, 'Glenunga'),
(1801, 301, 'Goodwood'),
(1802, 301, 'Hawthorn'),
(1803, 301, 'Hazelwood Park'),
(1804, 301, 'Highgate'),
(1805, 301, 'Hyde Park'),
(1806, 301, 'Kings Park'),
(1807, 301, 'Kingswood'),
(1808, 301, 'Linden Park'),
(1809, 301, 'Malvern'),
(1810, 301, 'Millswood'),
(1811, 301, 'Mitcham'),
(1812, 301, 'Mount Osmond'),
(1813, 301, 'Myrtle Bank'),
(1814, 301, 'Netherby'),
(1815, 301, 'Parkside'),
(1816, 301, 'Springfie'),
(1817, 302, 'Goolwa Beach'),
(1818, 302, 'Goolwa North'),
(1819, 302, 'Goolwa South'),
(1820, 302, 'Hindmarsh Island'),
(1821, 302, 'Goolwa'),
(1822, 303, 'Jamestown'),
(1823, 304, 'Kadina'),
(1824, 304, 'New Town'),
(1825, 304, 'North Beach'),
(1826, 304, 'Wallaroo'),
(1827, 304, 'Wallaroo Mines'),
(1828, 304, 'Jerusalem'),
(1829, 305, 'Kapunda'),
(1830, 306, 'Keith'),
(1831, 307, 'Kimba'),
(1832, 308, 'Pinks Beach'),
(1833, 308, 'Kingston SE'),
(1834, 309, 'Loxton'),
(1835, 310, 'Williamstown'),
(1836, 310, 'Lyndoch'),
(1837, 311, 'Meadows'),
(1838, 311, 'Macclesfield'),
(1839, 312, 'Maitland'),
(1840, 313, 'Port Mannum'),
(1841, 313, 'Mannum'),
(1842, 314, 'Meningie'),
(1843, 315, 'Millicent'),
(1844, 316, 'Minlaton'),
(1845, 317, 'Highbury'),
(1846, 317, 'Hope Valley'),
(1847, 317, 'Ingle Farm'),
(1848, 317, 'Modbury'),
(1849, 317, 'Modbury Heights'),
(1850, 317, 'Modbury North'),
(1851, 317, 'Para Hills'),
(1852, 317, 'Para Vista'),
(1853, 317, 'Redwood Park'),
(1854, 317, 'Ridgehaven'),
(1855, 317, 'St Agnes'),
(1856, 317, 'Tea Tree Gully'),
(1857, 317, 'Valley View'),
(1858, 317, 'Vista'),
(1859, 317, 'Banksia Park'),
(1860, 318, 'Moonta Bay'),
(1861, 318, 'Moonta Mines'),
(1862, 318, 'North Moonta'),
(1863, 318, 'Port Hughes'),
(1864, 318, 'Moonta'),
(1865, 319, 'Worrolong'),
(1866, 319, 'Mount Gambier'),
(1867, 320, 'Blakiston'),
(1868, 320, 'Hahndorf'),
(1869, 320, 'Littlehampton'),
(1870, 320, 'Mount Barker'),
(1871, 320, 'Nairne'),
(1872, 320, 'Oakbank'),
(1873, 320, 'Paechtown'),
(1874, 320, 'Verdun'),
(1875, 320, 'Balhannah'),
(1876, 321, 'Murray Bridge East'),
(1877, 321, 'Northern Heights'),
(1878, 321, 'Riverglades'),
(1879, 321, 'Swanport'),
(1880, 321, 'Murray Bridge'),
(1881, 322, 'Naracoorte'),
(1882, 323, 'Beulah Park'),
(1883, 323, 'Burnside'),
(1884, 323, 'College Park'),
(1885, 323, 'Dulwich'),
(1886, 323, 'Erindale'),
(1887, 323, 'Evandale'),
(1888, 323, 'Firle'),
(1889, 323, 'Hackney'),
(1890, 323, 'Hazelwood Park'),
(1891, 323, 'Heathpool'),
(1892, 323, 'Joslin'),
(1893, 323, 'Kensington'),
(1894, 323, 'Kensington Gardens'),
(1895, 323, 'Kensington Park'),
(1896, 323, 'Kent Town'),
(1897, 323, 'Leabrook'),
(1898, 323, 'Magill'),
(1899, 323, 'Marden'),
(1900, 323, 'Marryatville'),
(1901, 323, 'Maylands'),
(1902, 323, 'Norwood'),
(1903, 323, 'Payneham'),
(1904, 323, 'Payneham South'),
(1905, 323, 'Rose Park'),
(1906, 323, 'Ros'),
(1907, 324, 'Greenock'),
(1908, 324, 'Nuriootpa'),
(1909, 324, 'Penrice'),
(1910, 324, 'Stockwell'),
(1911, 324, 'Tanunda'),
(1912, 324, 'Angaston'),
(1913, 325, 'McLaren Vale'),
(1914, 325, 'McLaren Flat'),
(1915, 326, 'Penola'),
(1916, 327, 'Peterborough'),
(1917, 328, 'Port Augusta West'),
(1918, 328, 'Stirling North'),
(1919, 328, 'Wami Kata'),
(1920, 328, 'Port Augusta'),
(1921, 329, 'Port Broughton'),
(1922, 329, 'Fisherman Bay'),
(1923, 330, 'Hayborough'),
(1924, 330, 'McCracken'),
(1925, 330, 'Middleton'),
(1926, 330, 'Port Elliot'),
(1927, 330, 'Victor Harbor'),
(1928, 330, 'Encounter Bay'),
(1929, 331, 'Port Lincoln'),
(1930, 332, 'Port Pirie South'),
(1931, 332, 'Port Pirie West'),
(1932, 332, 'Risdon Park'),
(1933, 332, 'Risdon Park South'),
(1934, 332, 'Solomontown'),
(1935, 332, 'Port Pirie'),
(1936, 333, 'Collinswood'),
(1937, 333, 'Dudley Park'),
(1938, 333, 'Enfield'),
(1939, 333, 'Fitzroy'),
(1940, 333, 'Gilberton'),
(1941, 333, 'Medindie'),
(1942, 333, 'Medindie Gardens'),
(1943, 333, 'Nailsworth'),
(1944, 333, 'Ovingham'),
(1945, 333, 'Prospect'),
(1946, 333, 'Sefton Park'),
(1947, 333, 'Vale Park'),
(1948, 333, 'Walkerville'),
(1949, 333, 'Broadview'),
(1950, 334, 'Quorn'),
(1951, 335, 'Renmark'),
(1952, 335, 'Renmark South'),
(1953, 335, 'Renmark West'),
(1954, 335, 'Paringa'),
(1955, 336, 'Happy Valley'),
(1956, 336, 'Lonsdale'),
(1957, 336, 'O''Halloran Hill'),
(1958, 336, 'Old Reynella'),
(1959, 336, 'Reynella'),
(1960, 336, 'Reynella East'),
(1961, 336, 'Sheidow Park'),
(1962, 336, 'Trott Park'),
(1963, 336, 'Woodcroft'),
(1964, 336, 'Hallett Cove'),
(1965, 337, 'Saddleworth'),
(1966, 337, 'Riverton'),
(1967, 338, 'Robe'),
(1968, 339, 'Roxby Downs'),
(1969, 340, 'Globe Derby Park'),
(1970, 340, 'Green Fields'),
(1971, 340, 'Gulfview Heights'),
(1972, 340, 'Mawson Lakes'),
(1973, 340, 'Para Hills West'),
(1974, 340, 'Parafield'),
(1975, 340, 'Parafield Gardens'),
(1976, 340, 'Salisbury'),
(1977, 340, 'Salisbury Downs'),
(1978, 340, 'Salisbury East'),
(1979, 340, 'Salisbury Heights'),
(1980, 340, 'Salisbury Park'),
(1981, 340, 'Salisbury Plain'),
(1982, 340, 'Salisbury South'),
(1983, 340, 'Brahma Lodge'),
(1984, 341, 'Moana'),
(1985, 341, 'Old Noarlunga'),
(1986, 341, 'Port Noarlunga South'),
(1987, 341, 'Seaford'),
(1988, 341, 'Seaford Meadows'),
(1989, 341, 'Seaford Rise'),
(1990, 341, 'Maslin Beach'),
(1991, 342, 'Bedford Park'),
(1992, 342, 'Belair'),
(1993, 342, 'Bellevue Heights'),
(1994, 342, 'Blackwood'),
(1995, 342, 'Clapham'),
(1996, 342, 'Clovelly Park'),
(1997, 342, 'Colonel Light Gardens'),
(1998, 342, 'Coromandel Valley'),
(1999, 342, 'Craigburn Farm'),
(2000, 342, 'Daw Park'),
(2001, 342, 'Eden Hills'),
(2002, 342, 'Edwardstown'),
(2003, 342, 'Glenalta'),
(2004, 342, 'Hawthorndene'),
(2005, 342, 'Lower Mitcham'),
(2006, 342, 'Lynton'),
(2007, 342, 'Marion'),
(2008, 342, 'Melrose Park'),
(2009, 342, 'Mitchell Park'),
(2010, 342, 'Panorama'),
(2011, 342, 'Park Holme'),
(2012, 343, 'Stansbury'),
(2013, 343, 'Port Vincent'),
(2014, 344, 'Bridgewater'),
(2015, 344, 'Brown Hill Creek'),
(2016, 344, 'Cleland'),
(2017, 344, 'Crafers'),
(2018, 344, 'Crafers West'),
(2019, 344, 'Heathfield'),
(2020, 344, 'Ironbank'),
(2021, 344, 'Longwood'),
(2022, 344, 'Mount George'),
(2023, 344, 'Mylor'),
(2024, 344, 'Piccadilly'),
(2025, 344, 'Stirling'),
(2026, 344, 'Upper Sturt'),
(2027, 344, 'Aldgate'),
(2028, 345, 'Strathalbyn'),
(2029, 346, 'Wellington'),
(2030, 346, 'Wellington East'),
(2031, 346, 'Tailem Bend'),
(2032, 347, 'Tumby Bay'),
(2033, 348, 'Virginia'),
(2034, 348, 'Two Wells'),
(2035, 349, 'Waikerie'),
(2036, 350, 'Allenby Gardens'),
(2037, 350, 'Brooklyn Park'),
(2038, 350, 'Cowandilla'),
(2039, 350, 'Flinders Park'),
(2040, 350, 'Hilton'),
(2041, 350, 'Hindmarsh'),
(2042, 350, 'Lockleys'),
(2043, 350, 'Mile End'),
(2044, 350, 'Mile End South'),
(2045, 350, 'Richmond'),
(2046, 350, 'Thebarton'),
(2047, 350, 'Torrensville'),
(2048, 350, 'Underdale'),
(2049, 350, 'Welland'),
(2050, 350, 'West Hindmarsh'),
(2051, 350, 'West Richmond'),
(2052, 350, 'Adelaide Airport'),
(2053, 351, 'Whyalla Jenkins'),
(2054, 351, 'Whyalla Norrie'),
(2055, 351, 'Whyalla Playford'),
(2056, 351, 'Whyalla Stuart'),
(2057, 351, 'Whyalla'),
(2058, 352, 'Woomera'),
(2059, 353, 'Normanville'),
(2060, 353, 'Yankalilla'),
(2061, 353, 'Carrickalinga'),
(2062, 354, 'Yorketown'),
(2063, 355, 'Beauty Point'),
(2064, 355, 'Beaconsfield'),
(2065, 356, 'Geilston Bay'),
(2066, 356, 'Grasstree Hill'),
(2067, 356, 'Howrah'),
(2068, 356, 'Lindisfarne'),
(2069, 356, 'Montagu Bay'),
(2070, 356, 'Mornington'),
(2071, 356, 'Mount Rumney'),
(2072, 356, 'Risdon'),
(2073, 356, 'Risdon Vale'),
(2074, 356, 'Rose Bay'),
(2075, 356, 'Rosny');
INSERT INTO `nbnrolloutlocalities` (`id`, `nbnrollout_id`, `locality`) VALUES
(2076, 356, 'Rosny Park'),
(2077, 356, 'Warrane'),
(2078, 356, 'Bellerive'),
(2079, 357, 'Bicheno'),
(2080, 358, 'Bridport'),
(2081, 359, 'Brooklyn'),
(2082, 359, 'Burnie'),
(2083, 359, 'Cooee'),
(2084, 359, 'Downlands'),
(2085, 359, 'East Cam'),
(2086, 359, 'Emu Heights'),
(2087, 359, 'Havenview'),
(2088, 359, 'Hillcrest'),
(2089, 359, 'Montello'),
(2090, 359, 'Ocean Vista'),
(2091, 359, 'Park Grove'),
(2092, 359, 'Parklands'),
(2093, 359, 'Romaine'),
(2094, 359, 'Shorewell Park'),
(2095, 359, 'South Burnie'),
(2096, 359, 'Upper Burnie'),
(2097, 359, 'Wivenhoe'),
(2098, 359, 'Acton'),
(2099, 360, 'Cambridge'),
(2100, 360, 'Clarendon Vale'),
(2101, 360, 'Howrah'),
(2102, 360, 'Lauderdale'),
(2103, 360, 'Mount Rumney'),
(2104, 360, 'Oakdowns'),
(2105, 360, 'Roches Beach'),
(2106, 360, 'Rokeby'),
(2107, 360, 'Seven Mile Beach'),
(2108, 360, 'Tranmere'),
(2109, 360, 'Acton Park'),
(2110, 361, 'Campbell Town'),
(2111, 362, 'Berriedale'),
(2112, 362, 'Bridgewater'),
(2113, 362, 'Chigwell'),
(2114, 362, 'Claremont'),
(2115, 362, 'Derwent Park'),
(2116, 362, 'Dowsing Point'),
(2117, 362, 'Gagebrook'),
(2118, 362, 'Glenorchy'),
(2119, 362, 'Goodwood'),
(2120, 362, 'Granton'),
(2121, 362, 'Herdsmans Cove'),
(2122, 362, 'Lutana'),
(2123, 362, 'Montrose'),
(2124, 362, 'Moonah'),
(2125, 362, 'Old Beach'),
(2126, 362, 'Otago'),
(2127, 362, 'Rosetta'),
(2128, 362, 'West Moonah'),
(2129, 362, 'Austins Ferry'),
(2130, 363, 'Cremorne'),
(2131, 363, 'Sandford'),
(2132, 363, 'Clifton Beach'),
(2133, 364, 'Cygnet'),
(2134, 365, 'Deloraine'),
(2135, 366, 'Devonport'),
(2136, 366, 'Don'),
(2137, 366, 'Leith'),
(2138, 366, 'Miandetta'),
(2139, 366, 'Quoiba'),
(2140, 366, 'Spreyton'),
(2141, 366, 'Stony Rise'),
(2142, 366, 'Tugrah'),
(2143, 366, 'Aberdeen'),
(2144, 367, 'Connellys Marsh'),
(2145, 367, 'Dodges Ferry'),
(2146, 367, 'Forcett'),
(2147, 367, 'Lewisham'),
(2148, 367, 'Primrose Sands'),
(2149, 367, 'Carlton'),
(2150, 368, 'East Devonport'),
(2151, 368, 'Latrobe'),
(2152, 368, 'Ambleside'),
(2153, 369, 'Evandale'),
(2154, 369, 'Longford'),
(2155, 369, 'Perth'),
(2156, 369, 'Western Junction'),
(2157, 369, 'Devon Hills'),
(2158, 370, 'Exeter'),
(2159, 370, 'Gravelly Beach'),
(2160, 370, 'Lanena'),
(2161, 370, 'Rosevears'),
(2162, 370, 'Swan Point'),
(2163, 370, 'Blackwall'),
(2164, 371, 'Geeveston'),
(2165, 371, 'Port Huon'),
(2166, 371, 'Franklin'),
(2167, 372, 'George Town'),
(2168, 372, 'Low Head'),
(2169, 372, 'Bell Bay'),
(2170, 373, 'Dynnyrne'),
(2171, 373, 'Fern Tree'),
(2172, 373, 'Glebe'),
(2173, 373, 'Hobart'),
(2174, 373, 'Lenah Valley'),
(2175, 373, 'Mount Nelson'),
(2176, 373, 'Mount Stuart'),
(2177, 373, 'New Town'),
(2178, 373, 'North Hobart'),
(2179, 373, 'Queens Domain'),
(2180, 373, 'Sandy Bay'),
(2181, 373, 'South Hobart'),
(2182, 373, 'Tolmans Hill'),
(2183, 373, 'West Hobart'),
(2184, 373, 'Battery Point'),
(2185, 374, 'Ranelagh'),
(2186, 374, 'Huonville'),
(2187, 375, 'Bonnet Hill'),
(2188, 375, 'Huntingfield'),
(2189, 375, 'Kingston'),
(2190, 375, 'Kingston Beach'),
(2191, 375, 'Blackmans Bay'),
(2192, 376, 'Invermay'),
(2193, 376, 'Launceston'),
(2194, 376, 'Mayfield'),
(2195, 376, 'Mowbray'),
(2196, 376, 'Newnham'),
(2197, 376, 'Newstead'),
(2198, 376, 'Ravenswood'),
(2199, 376, 'Riverside'),
(2200, 376, 'Rocherlea'),
(2201, 376, 'South Launceston'),
(2202, 376, 'Trevallyn'),
(2203, 376, 'Waverley'),
(2204, 376, 'West Launceston'),
(2205, 376, 'East Launceston'),
(2206, 377, 'Legana'),
(2207, 377, 'Rosevears'),
(2208, 377, 'Grindelwald'),
(2209, 378, 'Electrona'),
(2210, 378, 'Howden'),
(2211, 378, 'Lower Snug'),
(2212, 378, 'Margate'),
(2213, 378, 'Snug'),
(2214, 378, 'Coningham'),
(2215, 379, 'Magra'),
(2216, 379, 'New Norfolk'),
(2217, 379, 'Lawitta'),
(2218, 380, 'Spring Beach'),
(2219, 380, 'Orford'),
(2220, 381, 'Penguin'),
(2221, 381, 'Sulphur Creek'),
(2222, 381, 'West Ulverstone'),
(2223, 381, 'Heybridge'),
(2224, 382, 'Brighton'),
(2225, 382, 'Honeywood'),
(2226, 382, 'Mangalore'),
(2227, 382, 'Pontville'),
(2228, 382, 'Bagdad'),
(2229, 383, 'Northdown'),
(2230, 383, 'Port Sorell'),
(2231, 383, 'Shearwater'),
(2232, 383, 'Squeaking Point'),
(2233, 383, 'Hawley Beach'),
(2234, 384, 'Queenstown'),
(2235, 385, 'Sheffield'),
(2236, 385, 'Railton'),
(2237, 386, 'Richmond'),
(2238, 387, 'Tullah'),
(2239, 387, 'Rosebery'),
(2240, 388, 'Scamander'),
(2241, 389, 'Scottsdale'),
(2242, 390, 'Smithton'),
(2243, 391, 'Somerset'),
(2244, 392, 'Sorell'),
(2245, 392, 'Midway Point'),
(2246, 393, 'South Arm'),
(2247, 393, 'Opossum Bay'),
(2248, 394, 'Hadspen'),
(2249, 394, 'Kings Meadows'),
(2250, 394, 'Norwood'),
(2251, 394, 'Prospect'),
(2252, 394, 'Prospect Vale'),
(2253, 394, 'Punchbowl'),
(2254, 394, 'Relbia'),
(2255, 394, 'South Launceston'),
(2256, 394, 'St Leonards'),
(2257, 394, 'Summerhill'),
(2258, 394, 'Travellers Rest'),
(2259, 394, 'Youngtown'),
(2260, 394, 'Blackstone Heights'),
(2261, 395, 'St Helens'),
(2262, 395, 'Stieglitz'),
(2263, 395, 'Binalong Bay'),
(2264, 396, 'St Marys'),
(2265, 397, 'Swansea'),
(2266, 398, 'Taroona'),
(2267, 399, 'Triabunna'),
(2268, 400, 'Turners Beach'),
(2269, 400, 'Ulverstone'),
(2270, 400, 'Forth'),
(2271, 401, 'Westbury'),
(2272, 401, 'Hagley'),
(2273, 402, 'Swan Bay'),
(2274, 402, 'Windermere'),
(2275, 402, 'Dilston'),
(2276, 403, 'Wynyard'),
(2277, 404, 'Zeehan'),
(2278, 405, 'Anglesea'),
(2279, 405, 'Fairhaven'),
(2280, 405, 'Aireys Inlet'),
(2281, 406, 'Darley'),
(2282, 406, 'Maddingley'),
(2283, 406, 'Bacchus Marsh'),
(2284, 407, 'Myrniong'),
(2285, 407, 'Ballan'),
(2286, 408, 'Ballarat Central'),
(2287, 408, 'Ballarat East'),
(2288, 408, 'Ballarat North'),
(2289, 408, 'Black Hill'),
(2290, 408, 'Brown Hill'),
(2291, 408, 'Buninyong'),
(2292, 408, 'Canadian'),
(2293, 408, 'Eureka'),
(2294, 408, 'Golden Point'),
(2295, 408, 'Invermay Park'),
(2296, 408, 'Lake Wendouree'),
(2297, 408, 'Mount Clear'),
(2298, 408, 'Mount Helen'),
(2299, 408, 'Mount Pleasant'),
(2300, 408, 'Nerrina'),
(2301, 408, 'Newington'),
(2302, 408, 'Soldiers Hill'),
(2303, 408, 'Bakery Hill'),
(2304, 409, 'Lethbridge'),
(2305, 409, 'Murgheboluc'),
(2306, 409, 'Russells Bridge'),
(2307, 409, 'Teesdale'),
(2308, 409, 'Bannockburn'),
(2309, 410, 'Bayswater North'),
(2310, 410, 'Boronia'),
(2311, 410, 'Heathmont'),
(2312, 410, 'Kilsyth South'),
(2313, 410, 'The Basin'),
(2314, 410, 'Tremont'),
(2315, 410, 'Bayswater'),
(2316, 411, 'Beaufort'),
(2317, 412, 'Beechworth'),
(2318, 413, 'East Bendigo'),
(2319, 413, 'Flora Hill'),
(2320, 413, 'Golden Gully'),
(2321, 413, 'Golden Square'),
(2322, 413, 'Ironbark'),
(2323, 413, 'Junortoun'),
(2324, 413, 'Kennington'),
(2325, 413, 'Long Gully'),
(2326, 413, 'North Bendigo'),
(2327, 413, 'Quarry Hill'),
(2328, 413, 'Spring Gully'),
(2329, 413, 'Strathdale'),
(2330, 413, 'Strathfieldsaye'),
(2331, 413, 'West Bendigo'),
(2332, 413, 'Bendigo'),
(2333, 414, 'Brunswick East'),
(2334, 414, 'Brunswick West'),
(2335, 414, 'Carlton North'),
(2336, 414, 'Parkville'),
(2337, 414, 'Princes Hill'),
(2338, 414, 'Brunswick'),
(2339, 415, 'Carlton North'),
(2340, 415, 'Parkville'),
(2341, 415, 'Carlton'),
(2342, 416, 'Castlemaine'),
(2343, 416, 'Chewton'),
(2344, 416, 'McKenzie Hill'),
(2345, 416, 'Campbells Creek'),
(2346, 417, 'Caulfield'),
(2347, 417, 'Caulfield East'),
(2348, 417, 'Caulfield North'),
(2349, 417, 'Caulfield South'),
(2350, 417, 'Elsternwick'),
(2351, 417, 'Glen Huntly'),
(2352, 417, 'Malvern East'),
(2353, 417, 'Ripponlea'),
(2354, 417, 'Carnegie'),
(2355, 418, 'Carrum'),
(2356, 418, 'Chelsea'),
(2357, 418, 'Chelsea Heights'),
(2358, 418, 'Edithvale'),
(2359, 418, 'Patterson Lakes'),
(2360, 418, 'Bonbeach'),
(2361, 419, 'Black Rock'),
(2362, 419, 'Cheltenham'),
(2363, 419, 'Mentone'),
(2364, 419, 'Moorabbin Airport'),
(2365, 419, 'Beaumaris'),
(2366, 420, 'Chiltern'),
(2367, 421, 'Churchill'),
(2368, 422, 'Clunes'),
(2369, 423, 'Coburg North'),
(2370, 423, 'Pascoe Vale'),
(2371, 423, 'Pascoe Vale South'),
(2372, 423, 'Coburg'),
(2373, 424, 'Rhyll'),
(2374, 424, 'Silverleaves'),
(2375, 424, 'Ventnor'),
(2376, 424, 'Wimbledon Heights'),
(2377, 424, 'Cowes'),
(2378, 425, 'Mickleham'),
(2379, 425, 'Roxburgh Park'),
(2380, 425, 'Somerton'),
(2381, 425, 'Yuroke'),
(2382, 425, 'Craigieburn'),
(2383, 426, 'Cranbourne'),
(2384, 426, 'Cranbourne East'),
(2385, 426, 'Cranbourne West'),
(2386, 426, 'Devon Meadows'),
(2387, 426, 'Junction Village'),
(2388, 426, 'Botanic Ridge'),
(2389, 427, 'Creswick'),
(2390, 428, 'Dandenong North'),
(2391, 428, 'Dandenong South'),
(2392, 428, 'Doveton'),
(2393, 428, 'Eumemmerring'),
(2394, 428, 'Hallam'),
(2395, 428, 'Dandenong'),
(2396, 429, 'Hepburn'),
(2397, 429, 'Hepburn Springs'),
(2398, 429, 'Musk'),
(2399, 429, 'Daylesford'),
(2400, 430, 'Dimboola'),
(2401, 431, 'Elmore'),
(2402, 432, 'South Morang'),
(2403, 432, 'Wollert'),
(2404, 432, 'Epping'),
(2405, 433, 'Melbourne'),
(2406, 434, 'Kingsville'),
(2407, 434, 'Maidstone'),
(2408, 434, 'Seddon'),
(2409, 434, 'Tottenham'),
(2410, 434, 'West Footscray'),
(2411, 434, 'Yarraville'),
(2412, 434, 'Footscray'),
(2413, 435, 'Garfield'),
(2414, 435, 'Longwarry'),
(2415, 435, 'Bunyip'),
(2416, 436, 'Bell Park'),
(2417, 436, 'Bell Post Hill'),
(2418, 436, 'Breakwater'),
(2419, 436, 'Drumcondra'),
(2420, 436, 'East Geelong'),
(2421, 436, 'Fyansford'),
(2422, 436, 'Geelong'),
(2423, 436, 'Geelong West'),
(2424, 436, 'Gheringhap'),
(2425, 436, 'Hamlyn Heights'),
(2426, 436, 'Herne Hill'),
(2427, 436, 'Manifold Heights'),
(2428, 436, 'Newtown'),
(2429, 436, 'North Geelong'),
(2430, 436, 'Rippleside'),
(2431, 436, 'South Geelong'),
(2432, 436, 'Thomson'),
(2433, 436, 'Batesford'),
(2434, 437, 'Ashwood'),
(2435, 437, 'Camberwell'),
(2436, 437, 'Glen Iris'),
(2437, 437, 'Ashburton'),
(2438, 438, 'Hawthorn'),
(2439, 438, 'Hawthorn East'),
(2440, 438, 'Camberwell'),
(2441, 439, 'Chum Creek'),
(2442, 439, 'Healesville'),
(2443, 439, 'Badger Creek'),
(2444, 440, 'Heathcote'),
(2445, 441, 'Bellfield'),
(2446, 441, 'Eaglemont'),
(2447, 441, 'Heidelberg'),
(2448, 441, 'Heidelberg Heights'),
(2449, 441, 'Heidelberg West'),
(2450, 441, 'Ivanhoe'),
(2451, 441, 'Ivanhoe East'),
(2452, 441, 'Macleod'),
(2453, 441, 'Rosanna'),
(2454, 441, 'Viewbank'),
(2455, 441, 'Yallambie'),
(2456, 441, 'Alphington'),
(2457, 442, 'Heyfield'),
(2458, 443, 'Horsham'),
(2459, 444, 'Frankston'),
(2460, 444, 'Langwarrin'),
(2461, 444, 'Cranbourne South'),
(2462, 445, 'Kew'),
(2463, 446, 'Noble Park'),
(2464, 446, 'Springvale South'),
(2465, 446, 'Waterways'),
(2466, 446, 'Keysborough'),
(2467, 447, 'Kinglake Central'),
(2468, 447, 'Kinglake West'),
(2469, 447, 'Pheasant Creek'),
(2470, 447, 'Kinglake'),
(2471, 448, 'Burnside Heights'),
(2472, 448, 'Delahey'),
(2473, 448, 'Kealba'),
(2474, 448, 'Keilor Downs'),
(2475, 448, 'Kings Park'),
(2476, 448, 'St Albans'),
(2477, 448, 'Taylors Hill'),
(2478, 448, 'Albanvale'),
(2479, 449, 'Balaclava'),
(2480, 449, 'Caulfield North'),
(2481, 449, 'Glen Iris'),
(2482, 449, 'Kooyong'),
(2483, 449, 'Malvern'),
(2484, 449, 'St Kilda East'),
(2485, 449, 'Toorak'),
(2486, 449, 'Armadale'),
(2487, 450, 'Kyneton'),
(2488, 451, 'Lang Lang'),
(2489, 452, 'Corio'),
(2490, 452, 'Lara'),
(2491, 452, 'Lovely Banks'),
(2492, 452, 'Norlane'),
(2493, 452, 'North Shore'),
(2494, 452, 'Avalon'),
(2495, 453, 'Coldstream'),
(2496, 453, 'Croydon North'),
(2497, 453, 'Lilydale'),
(2498, 453, 'Mooroolbark'),
(2499, 453, 'Chirnside Park'),
(2500, 454, 'Maidstone'),
(2501, 454, 'Maribyrnong'),
(2502, 454, 'Avondale Heights'),
(2503, 455, 'Maldon'),
(2504, 456, 'Kurunjang'),
(2505, 456, 'Melton'),
(2506, 456, 'Melton South'),
(2507, 456, 'Melton West'),
(2508, 456, 'Brookfield'),
(2509, 457, 'Mirboo North'),
(2510, 458, 'Moolap'),
(2511, 458, 'Newcomb'),
(2512, 458, 'St Albans Park'),
(2513, 458, 'Whittington'),
(2514, 458, 'Leopold'),
(2515, 459, 'Brunswick West'),
(2516, 459, 'Coburg'),
(2517, 459, 'Pascoe Vale South'),
(2518, 459, 'Brunswick'),
(2519, 460, 'Morwell'),
(2520, 461, 'Frankston South'),
(2521, 461, 'Mount Eliza'),
(2522, 461, 'Baxter'),
(2523, 462, 'Nathalia'),
(2524, 463, 'Brooklyn'),
(2525, 463, 'Newport'),
(2526, 463, 'South Kingsville'),
(2527, 463, 'Spotswood'),
(2528, 463, 'Tottenham'),
(2529, 463, 'Williamstown'),
(2530, 463, 'Williamstown North'),
(2531, 463, 'Altona North'),
(2532, 464, 'Bulleen'),
(2533, 464, 'Doncaster'),
(2534, 464, 'Templestowe Lower'),
(2535, 464, 'Balwyn North'),
(2536, 465, 'West Melbourne'),
(2537, 465, 'North Melbourne'),
(2538, 466, 'Numurkah'),
(2539, 467, 'Hughesdale'),
(2540, 467, 'Malvern East'),
(2541, 467, 'Murrumbeena'),
(2542, 467, 'Oakleigh'),
(2543, 467, 'Carnegie'),
(2544, 468, 'Breamlea'),
(2545, 468, 'Marcus Hill'),
(2546, 468, 'Ocean Grove'),
(2547, 468, 'Point Lonsdale'),
(2548, 468, 'Queenscliff'),
(2549, 468, 'Wallington'),
(2550, 468, 'Barwon Heads'),
(2551, 469, 'Seabrook'),
(2552, 469, 'Werribee South'),
(2553, 469, 'Point Cook'),
(2554, 470, 'Drysdale'),
(2555, 470, 'Indented Head'),
(2556, 470, 'Portarlington'),
(2557, 470, 'St Leonards'),
(2558, 470, 'Clifton Springs'),
(2559, 471, 'Preston'),
(2560, 471, 'Reservoir'),
(2561, 471, 'Kingsbury'),
(2562, 472, 'Burnley'),
(2563, 472, 'Cremorne'),
(2564, 472, 'Richmond'),
(2565, 472, 'Abbotsford'),
(2566, 473, 'Romsey'),
(2567, 473, 'Lancefield'),
(2568, 474, 'Rosedale'),
(2569, 475, 'Rushworth'),
(2570, 476, 'Tootgarook'),
(2571, 476, 'Rye'),
(2572, 477, 'Kialla'),
(2573, 477, 'Mooroopna'),
(2574, 477, 'Orrvale'),
(2575, 477, 'Shepparton'),
(2576, 477, 'Shepparton North'),
(2577, 477, 'Grahamvale'),
(2578, 478, 'Balnarring Beach'),
(2579, 478, 'Flinders'),
(2580, 478, 'Point Leo'),
(2581, 478, 'Red Hill South'),
(2582, 478, 'Shoreham'),
(2583, 478, 'Somers'),
(2584, 478, 'Balnarring'),
(2585, 479, 'South Morang'),
(2586, 479, 'Mill Park'),
(2587, 480, 'Elwood'),
(2588, 480, 'Ripponlea'),
(2589, 480, 'St Kilda'),
(2590, 480, 'St Kilda West'),
(2591, 480, 'Balaclava'),
(2592, 481, 'Sunbury'),
(2593, 481, 'Diggers Rest'),
(2594, 482, 'Tallangatta'),
(2595, 483, 'Tarneit'),
(2596, 483, 'Hoppers Crossing'),
(2597, 484, 'Tatura'),
(2598, 485, 'Thomastown'),
(2599, 485, 'Lalor'),
(2600, 486, 'Thornbury'),
(2601, 486, 'Preston'),
(2602, 487, 'Jan Juc'),
(2603, 487, 'Torquay'),
(2604, 487, 'Bellbrae'),
(2605, 488, 'Traralgon East'),
(2606, 488, 'Traralgon'),
(2607, 489, 'Trentham'),
(2608, 490, 'Essendon Fields'),
(2609, 490, 'Gladstone Park'),
(2610, 490, 'Gowanbrae'),
(2611, 490, 'Keilor Park'),
(2612, 490, 'Melbourne Airport'),
(2613, 490, 'Strathmore Heights'),
(2614, 490, 'Tullamarine'),
(2615, 490, 'Westmeadows'),
(2616, 490, 'Airport West'),
(2617, 491, 'Millgrove'),
(2618, 491, 'Warburton'),
(2619, 491, 'Wesburn'),
(2620, 491, 'Yarra Junction'),
(2621, 491, 'East Warburton'),
(2622, 492, 'Werribee'),
(2623, 492, 'Wyndham Vale'),
(2624, 492, 'Little River'),
(2625, 493, 'Mulgrave'),
(2626, 493, 'Notting Hill'),
(2627, 493, 'Wheelers Hill'),
(2628, 493, 'Glen Waverley'),
(2629, 494, 'Whittlesea'),
(2630, 494, 'Woodstock'),
(2631, 494, 'Yan Yean'),
(2632, 494, 'Eden Park'),
(2633, 495, 'Winchelsea'),
(2634, 496, 'Baranduda'),
(2635, 496, 'Barnawartha North'),
(2636, 496, 'Leneva'),
(2637, 496, 'West Wodonga'),
(2638, 496, 'Wodonga'),
(2639, 496, 'Bandiana'),
(2640, 497, 'Seville East'),
(2641, 497, 'Woori Yallock'),
(2642, 497, 'Launching Place'),
(2643, 498, 'Yarra Glen'),
(2644, 499, 'Bayonet Head'),
(2645, 499, 'Big Grove'),
(2646, 499, 'Centennial Park'),
(2647, 499, 'Collingwood Heights'),
(2648, 499, 'Collingwood Park'),
(2649, 499, 'Emu Point'),
(2650, 499, 'Gledhow'),
(2651, 499, 'Lange'),
(2652, 499, 'Little Grove'),
(2653, 499, 'Lockyer'),
(2654, 499, 'Lower King'),
(2655, 499, 'McKail'),
(2656, 499, 'Middleton Beach'),
(2657, 499, 'Milpara'),
(2658, 499, 'Mira Mar'),
(2659, 499, 'Mount Clarence'),
(2660, 499, 'Mount Melville'),
(2661, 499, 'Orana'),
(2662, 499, 'Robinson'),
(2663, 499, 'Spencer Park'),
(2664, 499, 'Torndirrup'),
(2665, 499, 'Warrenup'),
(2666, 499, 'Wi'),
(2667, 500, 'Ardross'),
(2668, 500, 'Bateman'),
(2669, 500, 'Booragoon'),
(2670, 500, 'Brentwood'),
(2671, 500, 'Bull Creek'),
(2672, 500, 'Leeming'),
(2673, 500, 'Mount Pleasant'),
(2674, 500, 'Murdoch'),
(2675, 500, 'North Lake'),
(2676, 500, 'Winthrop'),
(2677, 500, 'Applecross'),
(2678, 501, 'Bedfordale'),
(2679, 501, 'Brookdale'),
(2680, 501, 'Byford'),
(2681, 501, 'Darling Downs'),
(2682, 501, 'Forrestdale'),
(2683, 501, 'Harrisdale'),
(2684, 501, 'Hilbert'),
(2685, 501, 'Mount Nasura'),
(2686, 501, 'Mount Richon'),
(2687, 501, 'Piara Waters'),
(2688, 501, 'Seville Grove'),
(2689, 501, 'Armadale'),
(2690, 502, 'Augusta'),
(2691, 503, 'Leschenault'),
(2692, 503, 'Roelands'),
(2693, 503, 'Australind'),
(2694, 504, 'Wundowie'),
(2695, 505, 'Bassendean'),
(2696, 505, 'Beechboro'),
(2697, 505, 'Caversham'),
(2698, 505, 'Eden Hill'),
(2699, 505, 'Guildford'),
(2700, 505, 'Kiara'),
(2701, 505, 'Lockridge'),
(2702, 505, 'Morley'),
(2703, 505, 'South Guildford'),
(2704, 505, 'West Swan'),
(2705, 505, 'Ashfield'),
(2706, 506, 'Beverley'),
(2707, 507, 'Bridgetown'),
(2708, 508, 'Brookton'),
(2709, 509, 'Cable Beach'),
(2710, 509, 'Djugun'),
(2711, 509, 'Minyirr'),
(2712, 509, 'Broome'),
(2713, 510, 'Brunswick'),
(2714, 511, 'Carey Park'),
(2715, 511, 'College Grove'),
(2716, 511, 'Dalyellup'),
(2717, 511, 'Davenport'),
(2718, 511, 'East Bunbury'),
(2719, 511, 'Eaton'),
(2720, 511, 'Gelorup'),
(2721, 511, 'Glen Iris'),
(2722, 511, 'Millbridge'),
(2723, 511, 'Pelican Point'),
(2724, 511, 'South Bunbury'),
(2725, 511, 'Usher'),
(2726, 511, 'Withers'),
(2727, 511, 'Bunbury'),
(2728, 512, 'Bovell'),
(2729, 512, 'Broadwater'),
(2730, 512, 'Busselton'),
(2731, 512, 'Geographe'),
(2732, 512, 'Marybrook'),
(2733, 512, 'Vasse'),
(2734, 512, 'West Busselton'),
(2735, 512, 'Yalyalup'),
(2736, 512, 'Abbey'),
(2737, 513, 'Bentley'),
(2738, 513, 'Cannington'),
(2739, 513, 'East Cannington'),
(2740, 513, 'Ferndale'),
(2741, 513, 'Langford'),
(2742, 513, 'Lynwood'),
(2743, 513, 'Queens Park'),
(2744, 513, 'St James'),
(2745, 513, 'Welshpool'),
(2746, 513, 'Wilson'),
(2747, 513, 'Beckenham'),
(2748, 514, 'Capel'),
(2749, 515, 'Brown Range'),
(2750, 515, 'Carnarvon'),
(2751, 515, 'East Carnarvon'),
(2752, 515, 'Kingsford'),
(2753, 515, 'Morgantown'),
(2754, 515, 'South Carnarvon'),
(2755, 515, 'Brockman'),
(2756, 516, 'Cervantes'),
(2757, 517, 'Collie'),
(2758, 517, 'Allanson'),
(2759, 518, 'Coolgardie'),
(2760, 519, 'Gracetown'),
(2761, 519, 'Cowaramup'),
(2762, 520, 'Cunderdin'),
(2763, 521, 'Dampier'),
(2764, 522, 'Ocean Beach'),
(2765, 522, 'Denmark'),
(2766, 523, 'Derby'),
(2767, 524, 'Port Denison'),
(2768, 524, 'Dongara'),
(2769, 525, 'Donnybrook'),
(2770, 526, 'Doubleview'),
(2771, 526, 'Gwelup'),
(2772, 526, 'Herdsman'),
(2773, 526, 'Innaloo'),
(2774, 526, 'Karrinyup'),
(2775, 526, 'Stirling'),
(2776, 526, 'Wembley Downs'),
(2777, 526, 'Woodlands'),
(2778, 526, 'Churchlands'),
(2779, 527, 'Eagle Bay'),
(2780, 527, 'Marybrook'),
(2781, 527, 'Quindalup'),
(2782, 527, 'Dunsborough'),
(2783, 528, 'Belhus'),
(2784, 528, 'Ellenbrook'),
(2785, 528, 'Henley Brook'),
(2786, 528, 'The Vines'),
(2787, 528, 'Upper Swan'),
(2788, 528, 'Whiteman'),
(2789, 528, 'Aveley'),
(2790, 529, 'Chadwick'),
(2791, 529, 'Esperance'),
(2792, 529, 'Nulsen'),
(2793, 529, 'Sinclair'),
(2794, 529, 'West Beach'),
(2795, 529, 'Castletown'),
(2796, 530, 'Exmouth'),
(2797, 531, 'Beresford'),
(2798, 531, 'Bluff Point'),
(2799, 531, 'Deepdale'),
(2800, 531, 'Geraldton'),
(2801, 531, 'Karloo'),
(2802, 531, 'Mahomets Flats'),
(2803, 531, 'Mount Tarcoola'),
(2804, 531, 'Rangeway'),
(2805, 531, 'Rudds Gully'),
(2806, 531, 'Spalding'),
(2807, 531, 'Strathalbyn'),
(2808, 531, 'Tarcoola Beach'),
(2809, 531, 'Utakarra'),
(2810, 531, 'Wandina'),
(2811, 531, 'Webberton'),
(2812, 531, 'West End'),
(2813, 531, 'Wonthella'),
(2814, 531, 'Woorree'),
(2815, 531, 'Beachlands'),
(2816, 532, 'Glenfield'),
(2817, 532, 'Moresby'),
(2818, 532, 'Sunset Beach'),
(2819, 532, 'Waggrakine'),
(2820, 532, 'Drummond Cove'),
(2821, 533, 'Gnowangerup'),
(2822, 534, 'Yarloop'),
(2823, 534, 'Harvey'),
(2824, 535, 'Dawesville'),
(2825, 535, 'Erskine'),
(2826, 535, 'Falcon'),
(2827, 535, 'Halls Head'),
(2828, 535, 'Wannanup'),
(2829, 535, 'Bouvard'),
(2830, 536, 'Coolbellup'),
(2831, 536, 'Fremantle'),
(2832, 536, 'Hamilton Hill'),
(2833, 536, 'Hilton'),
(2834, 536, 'Kardinya'),
(2835, 536, 'North Coogee'),
(2836, 536, 'North Fremantle'),
(2837, 536, 'North Lake'),
(2838, 536, 'O''Connor'),
(2839, 536, 'Samson'),
(2840, 536, 'South Fremantle'),
(2841, 536, 'White Gum Valley'),
(2842, 536, 'Willagee'),
(2843, 536, 'Beaconsfield'),
(2844, 537, 'Hopetoun'),
(2845, 538, 'Aubin Grove'),
(2846, 538, 'Banjup'),
(2847, 538, 'Beeliar'),
(2848, 538, 'Bibra Lake'),
(2849, 538, 'Cockburn Central'),
(2850, 538, 'Hammond Park'),
(2851, 538, 'Henderson'),
(2852, 538, 'Jandakot'),
(2853, 538, 'Munster'),
(2854, 538, 'South Lake'),
(2855, 538, 'Success'),
(2856, 538, 'Wandi'),
(2857, 538, 'Yangebup'),
(2858, 538, 'Atwell'),
(2859, 539, 'Connolly'),
(2860, 539, 'Currambine'),
(2861, 539, 'Iluka'),
(2862, 539, 'Joondalup'),
(2863, 539, 'Kinross'),
(2864, 539, 'Ocean Reef'),
(2865, 539, 'Burns Beach'),
(2866, 540, 'Jurien Bay'),
(2867, 541, 'Kalbarri'),
(2868, 542, 'Broadwood'),
(2869, 542, 'Hannans'),
(2870, 542, 'Kalgoorlie'),
(2871, 542, 'Karlkurla'),
(2872, 542, 'Lamington'),
(2873, 542, 'Mullingar'),
(2874, 542, 'Piccadilly'),
(2875, 542, 'Somerville'),
(2876, 542, 'South Boulder'),
(2877, 542, 'South Kalgoorlie'),
(2878, 542, 'Victory Heights'),
(2879, 542, 'West Lamington'),
(2880, 542, 'Williamstown'),
(2881, 542, 'Boulder'),
(2882, 543, 'Kambalda West'),
(2883, 543, 'Kambalda East'),
(2884, 544, 'Bulgarra'),
(2885, 544, 'Gap Ridge'),
(2886, 544, 'Karratha'),
(2887, 544, 'Karratha Industrial Estate'),
(2888, 544, 'Millars Well'),
(2889, 544, 'Mulataga'),
(2890, 544, 'Nickol'),
(2891, 544, 'Pegs Creek'),
(2892, 544, 'Stove Hill'),
(2893, 544, 'Baynton'),
(2894, 545, 'Katanning'),
(2895, 546, 'Kellerberrin'),
(2896, 547, 'Champion Lakes'),
(2897, 547, 'Kelmscott'),
(2898, 547, 'Mount Nasura'),
(2899, 547, 'Roleystone'),
(2900, 547, 'Seville Grove'),
(2901, 547, 'Camillo'),
(2902, 548, 'Edgewater'),
(2903, 548, 'Kingsley'),
(2904, 548, 'Landsdale'),
(2905, 548, 'Madeley'),
(2906, 548, 'Woodvale'),
(2907, 548, 'Darch'),
(2908, 549, 'Kojonup'),
(2909, 550, 'Kununurra'),
(2910, 551, 'Ledge Point'),
(2911, 551, 'Lancelin'),
(2912, 552, 'Leeman'),
(2913, 552, 'Green Head'),
(2914, 553, 'Coodanup'),
(2915, 553, 'Dudley Park'),
(2916, 553, 'Erskine'),
(2917, 553, 'Furnissdale'),
(2918, 553, 'Greenfields'),
(2919, 553, 'Halls Head'),
(2920, 553, 'Mandurah'),
(2921, 553, 'Silver Sands'),
(2922, 553, 'Barragup'),
(2923, 554, 'Manjimup'),
(2924, 555, 'Margaret River'),
(2925, 555, 'Prevelly'),
(2926, 555, 'Gnarabup'),
(2927, 556, 'Madora Bay'),
(2928, 556, 'Meadow Springs'),
(2929, 556, 'San Remo'),
(2930, 556, 'Singleton'),
(2931, 556, 'Golden Bay'),
(2932, 557, 'Merredin'),
(2933, 558, 'Moora'),
(2934, 559, 'Mount Barker'),
(2935, 560, 'Craigie'),
(2936, 560, 'Heathridge'),
(2937, 560, 'Hillarys'),
(2938, 560, 'Kallaroo'),
(2939, 560, 'Mullaloo'),
(2940, 560, 'Ocean Reef'),
(2941, 560, 'Padbury'),
(2942, 560, 'Beldon'),
(2943, 561, 'Myalup'),
(2944, 561, 'Binningup'),
(2945, 562, 'Narrogin'),
(2946, 563, 'Newman'),
(2947, 564, 'Norseman'),
(2948, 565, 'Northam'),
(2949, 566, 'Northampton'),
(2950, 567, 'Paraburdoo'),
(2951, 568, 'Pemberton'),
(2952, 569, 'Highgate'),
(2953, 569, 'Mount Lawley'),
(2954, 569, 'North Perth'),
(2955, 569, 'Northbridge'),
(2956, 569, 'Perth'),
(2957, 569, 'West Perth'),
(2958, 569, 'East Perth'),
(2959, 570, 'Pingelly'),
(2960, 571, 'Ravenswood'),
(2961, 571, 'Pinjarra'),
(2962, 572, 'West Pinjarra'),
(2963, 573, 'South Hedland'),
(2964, 573, 'Wedgefield'),
(2965, 573, 'Port Hedland'),
(2966, 574, 'Preston Beach'),
(2967, 575, 'Clarkson'),
(2968, 575, 'Jindalee'),
(2969, 575, 'Merriwa'),
(2970, 575, 'Mindarie'),
(2971, 575, 'Quinns Rocks'),
(2972, 575, 'Ridgewood'),
(2973, 575, 'Tamala Park'),
(2974, 575, 'Butler'),
(2975, 576, 'East Rockingham'),
(2976, 576, 'Hillman'),
(2977, 576, 'Peron'),
(2978, 576, 'Rockingham'),
(2979, 576, 'Safety Bay'),
(2980, 576, 'Shoalwater'),
(2981, 576, 'Waikiki'),
(2982, 576, 'Cooloongup'),
(2983, 577, 'Roebourne'),
(2984, 578, 'Port Kennedy'),
(2985, 578, 'Secret Harbour'),
(2986, 578, 'Warnbro'),
(2987, 578, 'Lakelands'),
(2988, 579, 'Calista'),
(2989, 579, 'Hope Valley'),
(2990, 579, 'Kwinana Town Centre'),
(2991, 579, 'Leda'),
(2992, 579, 'Medina'),
(2993, 579, 'Naval Base'),
(2994, 579, 'Orelia'),
(2995, 579, 'Parmelia'),
(2996, 579, 'The Spectacles'),
(2997, 579, 'Wattleup'),
(2998, 579, 'Wellard'),
(2999, 579, 'Bertram'),
(3000, 580, 'Karawara'),
(3001, 580, 'Kensington'),
(3002, 580, 'Manning'),
(3003, 580, 'Salter Point'),
(3004, 580, 'South Perth'),
(3005, 580, 'Waterford'),
(3006, 580, 'Como'),
(3007, 581, 'Southern Cross'),
(3008, 582, 'Coogee'),
(3009, 582, 'Hamilton Hill'),
(3010, 582, 'Munster'),
(3011, 582, 'North Coogee'),
(3012, 582, 'Spearwood'),
(3013, 582, 'Bibra Lake'),
(3014, 583, 'Daglish'),
(3015, 583, 'Dalkeith'),
(3016, 583, 'Jolimont'),
(3017, 583, 'Nedlands'),
(3018, 583, 'Shenton Park'),
(3019, 583, 'Subiaco'),
(3020, 583, 'West Leederville'),
(3021, 583, 'Crawley'),
(3022, 584, 'Tom Price'),
(3023, 585, 'Toodyay'),
(3024, 586, 'Carlisle'),
(3025, 586, 'East Victoria Park'),
(3026, 586, 'Kewdale'),
(3027, 586, 'Lathlain'),
(3028, 586, 'Rivervale'),
(3029, 586, 'St James'),
(3030, 586, 'Victoria Park'),
(3031, 586, 'Welshpool'),
(3032, 586, 'Burswood'),
(3033, 587, 'Wagin'),
(3034, 588, 'Waroona'),
(3035, 589, 'Roebourne'),
(3036, 589, 'Wickham'),
(3037, 589, 'Point Samson'),
(3038, 590, 'Wongan Hills'),
(3039, 591, 'Guilderton'),
(3040, 591, 'Woodridge'),
(3041, 591, 'Gabbadah'),
(3042, 592, 'Two Rocks'),
(3043, 592, 'Yanchep'),
(3044, 592, 'Carabooda'),
(3045, 593, 'York'),
(3046, 594, 'South Yunderup'),
(3047, 594, 'North Yunderup');

-- --------------------------------------------------------

--
-- Table structure for table `net_users_by_connection_type`
--

CREATE TABLE IF NOT EXISTS `net_users_by_connection_type` (
  `Date` varchar(255) NOT NULL,
  `less_than_256k` int(11) NOT NULL,
  `256k_to_1.5m` int(11) NOT NULL,
  `1.5m_to_8m` int(11) NOT NULL,
  `8m_to_24m` int(11) NOT NULL,
  `greater_than_24m` int(11) NOT NULL,
  `id` int(11) NOT NULL AUTO_INCREMENT,
  PRIMARY KEY (`id`)
) ENGINE=MyISAM  DEFAULT CHARSET=latin1 AUTO_INCREMENT=11 ;

--
-- Dumping data for table `net_users_by_connection_type`
--

INSERT INTO `net_users_by_connection_type` (`Date`, `less_than_256k`, `256k_to_1.5m`, `1.5m_to_8m`, `8m_to_24m`, `greater_than_24m`, `id`) VALUES
('Jun 2008', 1581, 2551, 1444, 1390, 262, 1),
('Dec 2008', 1293, 2607, 2002, 1650, 373, 2),
('Jun 2009', 1103, 2546, 2529, 1800, 443, 3),
('Dec 2009', 905, 2381, 3188, 1973, 503, 4),
('Jun 2010', 785, 1951, 3540, 2594, 632, 5),
('Dec 2010', 707, 1241, 4067, 3530, 901, 6),
('Jun 2011', 579, 812, 4614, 3913, 989, 7),
('Dec 2011', 475, 808, 5115, 3985, 1213, 8),
('Jun 2012', 436, 980, 5067, 4094, 1458, 9),
('Dec 2012', 288, 609, 4213, 5406, 1645, 10);

-- --------------------------------------------------------

--
-- Table structure for table `states`
--

CREATE TABLE IF NOT EXISTS `states` (
  `id` int(10) unsigned NOT NULL AUTO_INCREMENT,
  `fullname` varchar(60) NOT NULL,
  `abbreviation` varchar(4) NOT NULL,
  PRIMARY KEY (`id`)
) ENGINE=MyISAM  DEFAULT CHARSET=latin1 AUTO_INCREMENT=9 ;

--
-- Dumping data for table `states`
--

INSERT INTO `states` (`id`, `fullname`, `abbreviation`) VALUES
(1, 'Tasmania', 'Tas'),
(2, 'Australian Capital Territory', 'ACT'),
(3, 'Victoria', 'Vic'),
(4, 'New South Wales', 'NSW'),
(5, 'South Australia', 'SA'),
(6, 'Western Australia', 'WA'),
(7, 'Queensland', 'QLD'),
(8, 'Northern Territory', 'NT');

/*!40101 SET CHARACTER_SET_CLIENT=@OLD_CHARACTER_SET_CLIENT */;
/*!40101 SET CHARACTER_SET_RESULTS=@OLD_CHARACTER_SET_RESULTS */;
/*!40101 SET COLLATION_CONNECTION=@OLD_COLLATION_CONNECTION */;
